sweep,point,final_reward,rmse,seed_spread
representation,diag/circle,-0.1821473952941235,0.08754088693714253,0.039930191847942165
representation,diag/fig8,-0.2084458174190893,0.07864585361382155,0.039930191847942165
representation,diag/stabilize,-0.15165585637777734,0.06354586149077446,0.039930191847942165
representation,chol/circle,-0.7662665764469626,0.6389021362914233,0.039930191847942165
representation,chol/fig8,-1.1657141991698134,0.7584163927181242,0.039930191847942165
representation,chol/stabilize,-1.227824721938951,0.4801424715042128,0.039930191847942165
representation,full/circle,-1.1564844645879104,0.7597816386091054,0.039930191847942165
representation,full/fig8,-1.6588977570776204,0.7470921370494887,0.039930191847942165
representation,full/stabilize,-1.2164512551481943,0.8352030565411082,0.039930191847942165
exploration,AC-MPC/sigma=0.05,-0.1839164528259476,0.08498194509057008,0.039930191847942165
exploration,MLP (model-free)/sigma=0.05,-1.1102397218586961,1.3921881722572884,0.039930191847942165
exploration,AC-MPC/sigma=0.15,-0.1821473952941235,0.08754088693714253,0.039930191847942165
exploration,MLP (model-free)/sigma=0.15,-2.3414628541895426,1.250899795079293,0.039930191847942165
exploration,AC-MPC/sigma=0.3,-0.18111124932144596,0.08984870818587637,0.039930191847942165
exploration,MLP (model-free)/sigma=0.3,-4.121224059226468,1.2071388071061457,0.039930191847942165
mpve,lam=0.9/mpve=False,-0.1824560498733929,0.08839812120336189,0.039930191847942165
mpve,lam=0.9/mpve=True,-0.1824560498733929,0.08839812120336189,0.039930191847942165
mpve,lam=0.95/mpve=False,-0.1821473952941235,0.08754088693714253,0.039930191847942165
mpve,lam=0.95/mpve=True,-0.1821473952941235,0.08754088693714253,0.039930191847942165
mpve,lam=0.99/mpve=False,-0.18227346064252525,0.08985266339725018,0.039930191847942165
mpve,lam=0.99/mpve=True,-0.18227346064252525,0.08985266339725018,0.039930191847942165
algo,ppo,-0.1821473952941235,0.08754088693714253,0.039930191847942165
algo,trpo,-0.18476509031803354,0.09079108657254753,0.039930191847942165
