rep,task,free_params,final_reward,rmse,sat,crash
diag,circle,13,-0.1821473952941235,0.08754088693714253,0.0,0.0
diag,fig8,13,-0.2084458174190893,0.07864585361382155,0.0,0.0
diag,stabilize,13,-0.15165585637777734,0.06354586149077446,0.0,0.0
chol,circle,91,-0.7662665764469626,0.6389021362914233,0.21911764705882353,0.008823529411764706
chol,fig8,91,-1.1657141991698134,0.7584163927181242,0.20441176470588235,0.004411764705882353
chol,stabilize,91,-1.227824721938951,0.4801424715042128,0.11323529411764706,0.0058823529411764705
full,circle,169,-1.1564844645879104,0.7597816386091054,0.15441176470588236,0.008823529411764706
full,fig8,169,-1.6588977570776204,0.7470921370494887,0.18676470588235294,0.011764705882352941
full,stabilize,169,-1.2164512551481943,0.8352030565411082,0.2676470588235294,0.010294117647058823
