scen,level,ctrl,rmse,rmse_iqr,maxerr,tilt,effort,smooth,sat,crash,ms_per_step,respawns,bound_frac,bounded
central,0.0,Base,0.18923505202872418,0.06924548222356341,0.5551813459417868,0.1193684774741895,0.5947715844677742,0.0014450878491935547,0.0011029411764705882,0.0,103.36578267997538,0,0.0,False
central,0.0,Robust,0.19175825106760508,0.07084624882971136,0.6101459775055345,0.11257553837848203,0.5950851547582797,0.0013429933011875831,0.0011029411764705882,0.0,92.86999853997258,0,0.0,False
central,0.0,Oracle,0.19189146367199414,0.06752531662586617,0.6166520356772083,0.11537092689945196,0.5947184458629563,0.001611230699714474,0.0011029411764705882,0.0,95.31273846499971,0,0.0,False
central,0.0,RDP-A,0.19341236697641745,0.06917252910478325,0.5590869567203883,0.11490077749881418,0.5953597147898595,0.0013651070192818987,0.0007352941176470588,0.0,94.97814207497868,0,0.0,False
central,0.0,RDP-B,0.18291274312063102,0.07370694064088287,0.561394789122344,0.11179303192229037,0.5951672583413278,0.0014026806026838292,0.0014705882352941176,0.0,98.30233057495207,0,0.0,False
central,0.0,RDP-C,0.18390188305985297,0.07023207962470981,0.5105445305020194,0.1138849468377953,0.5953783186033974,0.0014056352905908024,0.0011029411764705882,0.0,95.4070971049805,0,0.0,False
central,0.03,Base,0.19223443000070758,0.07607241785741706,0.5377866102252229,0.12016757593452965,0.6169879396109692,0.0015608505987801573,0.0007352941176470588,0.0,55.33443995496782,0,0.0,False
central,0.03,Robust,0.1982758635944815,0.07273517825500986,0.6201136553486778,0.11128535851043589,0.6174422335043762,0.0014408730398793024,0.0007352941176470588,0.0,55.68759946996579,0,0.0,False
central,0.03,Oracle,0.20123276151979122,0.07700955516191488,0.629325880604635,0.11510272375131639,0.6169235047823785,0.0017600366570506086,0.0011029411764705882,0.0,58.163986150029814,0,0.0,False
central,0.03,RDP-A,0.19965238000906055,0.07070952253162982,0.5649719936138243,0.11515574654065594,0.6175697353915008,0.0014800031422168632,0.0011029411764705882,0.0,57.53941605005821,0,0.0,False
central,0.03,RDP-B,0.1897651070934595,0.06831908115785945,0.5712202856335387,0.11098965879343685,0.6175608275361026,0.0014966511944817964,0.0007352941176470588,0.0,59.27551538501575,0,0.0,False
central,0.03,RDP-C,0.19018922084992815,0.06615892179195731,0.5087761433669069,0.11409850523677281,0.6176735377136481,0.001535893337931608,0.0011029411764705882,0.0,60.17125306003436,0,0.0,False
central,0.06,Base,0.1972764344239601,0.08365667979307015,0.5164023387931995,0.12081287021034406,0.6392756910053475,0.0017797155936425525,0.0011029411764705882,0.0,56.10610980002093,0,0.0,False
central,0.06,Robust,0.2061044324190547,0.08419993337359283,0.626738140636284,0.11044783943082052,0.6398267625907883,0.0015432369352351794,0.0007352941176470588,0.0,56.10898596001789,0,0.0,False
central,0.06,Oracle,0.2118883797053193,0.08709874521105002,0.633768146164642,0.11490124940253119,0.6393092854999838,0.0019429794969952794,0.001838235294117647,0.0,55.63074082499952,0,0.0,False
central,0.06,RDP-A,0.20832045902417295,0.07701830329899806,0.5677833104295772,0.11509440201985877,0.6398284523946919,0.0016321394853332867,0.0014705882352941176,0.0,57.90538066001318,0,0.0,False
central,0.06,RDP-B,0.19699132083400164,0.07717333114389122,0.5743669224145409,0.1101819440537841,0.6399592537075339,0.0015925761189524614,0.001838235294117647,0.0,59.400067219976336,0,0.0,False
central,0.06,RDP-C,0.1975720319945099,0.07743470353368195,0.5089383642756529,0.11351372118575938,0.639929926493965,0.0016552146388273815,0.0014705882352941176,0.0,58.02887621000991,0,0.0,False
central,0.1,Base,0.20380280201332765,0.08992129936684654,0.4965767411323293,0.12359152061516261,0.669462568529868,0.0020542815400179403,0.001838235294117647,0.0,55.61668485002883,0,0.0,False
central,0.1,Robust,0.21688226304827757,0.09506020357996212,0.6255960187473463,0.10996089244383823,0.6696533715041261,0.0017569322759902997,0.0014705882352941176,0.0,55.64106724996236,0,0.0,False
central,0.1,Oracle,0.22508337817093474,0.1027032684789668,0.6225657959666565,0.11443200097213849,0.6692966981547304,0.0022186894641915227,0.001838235294117647,0.0,56.12531784005114,0,0.0,False
central,0.1,RDP-A,0.2191731232931812,0.08857346324806273,0.5624966188860581,0.1141644883702183,0.6694997004023747,0.0018422872499208591,0.0011029411764705882,0.0,60.850447394986986,0,0.0,False
central,0.1,RDP-B,0.20722181191729006,0.09075882804129443,0.5757854804531779,0.10947154013787835,0.6698955696451582,0.0017753305567490454,0.0014705882352941176,0.0,60.1371731099789,0,0.0,False
central,0.1,RDP-C,0.2089590354764714,0.09096053071134305,0.5141192253525307,0.11294010762322369,0.6697636264797948,0.001871510674071339,0.0011029411764705882,0.0,58.215687420015456,0,0.0,False
asym,0.0,Base,0.18923505202872418,0.06924548222356341,0.5551813459417868,0.1193684774741895,0.5947715844677742,0.0014450878491935547,0.0011029411764705882,0.0,55.59281046000251,0,0.0,False
asym,0.0,Robust,0.19175825106760508,0.07084624882971136,0.6101459775055345,0.11257553837848203,0.5950851547582797,0.0013429933011875831,0.0011029411764705882,0.0,56.10301155997149,0,0.0,False
asym,0.0,Oracle,0.19189146367199414,0.06752531662586617,0.6166520356772083,0.11537092689945196,0.5947184458629563,0.001611230699714474,0.0011029411764705882,0.0,56.460862175008515,0,0.0,False
asym,0.0,RDP-A,0.19341236697641745,0.06917252910478325,0.5590869567203883,0.11490077749881418,0.5953597147898595,0.0013651070192818987,0.0007352941176470588,0.0,57.57868270498875,0,0.0,False
asym,0.0,RDP-B,0.18291274312063102,0.07370694064088287,0.561394789122344,0.11179303192229037,0.5951672583413278,0.0014026806026838292,0.0014705882352941176,0.0,59.11098258002312,0,0.0,False
asym,0.0,RDP-C,0.18390188305985297,0.07023207962470981,0.5105445305020194,0.1138849468377953,0.5953783186033974,0.0014056352905908024,0.0011029411764705882,0.0,57.97890222995193,0,0.0,False
asym,0.004,Base,0.19068649136275176,0.058600877668987056,0.5536220275389375,0.11936145348401071,0.5978167373685043,0.0014295927092487794,0.0007352941176470588,0.0,55.79167827505444,0,0.0,False
asym,0.004,Robust,0.19364255995483778,0.06416696959300339,0.6185266382087535,0.11234494503770903,0.5982155727235247,0.00132019505698578,0.0003676470588235294,0.0,56.35361908498453,0,0.0,False
asym,0.004,Oracle,0.1933381874493051,0.06311639018792553,0.6218155299279498,0.11535613345353815,0.5976040320815864,0.0016519539520459634,0.0,0.0,56.33025847499084,0,0.0,False
asym,0.004,RDP-A,0.194643042511252,0.06387839444190993,0.5519014632828985,0.11520833031695779,0.5983634744707451,0.001385583680584903,0.0007352941176470588,0.0,57.73284427996259,0,0.0,False
asym,0.004,RDP-B,0.184812532051603,0.07125078620146111,0.5661443689299507,0.11182773625147985,0.5983151543957453,0.001403286266490849,0.0011029411764705882,0.0,59.03254509503313,0,0.0,False
asym,0.004,RDP-C,0.18585559191477913,0.06992662323541896,0.5075437336049807,0.11444559530093529,0.5984348099891488,0.0014163394547084451,0.0007352941176470588,0.0,60.40414483497443,0,0.0,False
asym,0.028,Base,0.20617865819973188,0.05389999461797032,0.5838428983378544,0.11871980826085869,0.6166088179308573,0.0015102294124386814,0.001838235294117647,0.0,56.14582864502154,0,0.0,False
asym,0.028,Robust,0.20980723342371801,0.047144782168350996,0.64553204984949,0.11423369767528468,0.6168116476367708,0.0014803018299728685,0.001838235294117647,0.0,55.86366577997978,0,0.0,False
asym,0.028,Oracle,0.2059187928186106,0.046443735441509676,0.6075556185395448,0.11458376850118726,0.6161054295586481,0.001761864217128325,0.0003676470588235294,0.0,55.525071884985664,0,0.0,False
asym,0.028,RDP-A,0.21234811707486437,0.04505712901694722,0.6223355966032764,0.11630639237751322,0.616501727025915,0.0015357279528545925,0.0014705882352941176,0.0,58.31755374500062,0,0.0,False
asym,0.028,RDP-B,0.2007672879401723,0.0541411516258653,0.6008769352032302,0.11372211239218093,0.6168393278556394,0.0014129654755876244,0.001838235294117647,0.0,59.20054827998683,0,0.0,False
asym,0.028,RDP-C,0.20395272146112534,0.051685943881323554,0.5892816065272811,0.11565643900819676,0.6166776606051092,0.0015526730205666181,0.0014705882352941176,0.0,58.20357864999096,0,0.0,False
asym,0.044,Base,0.22199038389364112,0.05041670446617874,0.6341475769400564,0.11946838111405553,0.6293948508692258,0.001555990930704385,0.0029411764705882353,0.0,55.799149364975165,0,0.0,False
asym,0.044,Robust,0.2264559587324497,0.03768121025750645,0.6868956899873567,0.11916134270185642,0.6298669929503161,0.001288198580756417,0.0022058823529411764,0.0,55.83323561993893,0,0.0,False
asym,0.044,Oracle,0.21975233836311808,0.05350245080409735,0.661231003390253,0.11450734988590867,0.6292166769802089,0.0018281124187133288,0.0,0.0,55.73097385997244,0,0.0,False
asym,0.044,RDP-A,0.22858597787496165,0.04570242890338069,0.6911502317959622,0.11979664225954749,0.6293301524873096,0.0015431051839499418,0.0011029411764705882,0.0,57.50776116998168,0,0.0,False
asym,0.044,RDP-B,0.21695695050313937,0.049991766760492135,0.6592153268434953,0.11893421268068982,0.6299168176321859,0.0013492380098977176,0.0022058823529411764,0.0,59.1409179999755,0,0.0,False
asym,0.044,RDP-C,0.2211662490710315,0.056087634483794946,0.668501479658292,0.11944596431851906,0.6294445007634708,0.0015618495495754814,0.0029411764705882353,0.0,58.11077701495378,0,0.0,False
slung,0.0,Base,0.18923505202872418,0.06924548222356341,0.5551813459417868,0.1193684774741895,0.5947715844677742,0.0014450878491935547,0.0011029411764705882,0.0,59.91250149003463,0,0.0,False
slung,0.0,Robust,0.19175825106760508,0.07084624882971136,0.6101459775055345,0.11257553837848203,0.5950851547582797,0.0013429933011875831,0.0011029411764705882,0.0,56.55249192001065,0,0.0,False
slung,0.0,Oracle,0.19189146367199414,0.06752531662586617,0.6166520356772083,0.11537092689945196,0.5947184458629563,0.001611230699714474,0.0011029411764705882,0.0,56.398907199982204,0,0.0,False
slung,0.0,RDP-A,0.19341236697641745,0.06917252910478325,0.5590869567203883,0.11490077749881418,0.5953597147898595,0.0013651070192818987,0.0007352941176470588,0.0,58.26919255996472,0,0.0,False
slung,0.0,RDP-B,0.18291274312063102,0.07370694064088287,0.561394789122344,0.11179303192229037,0.5951672583413278,0.0014026806026838292,0.0014705882352941176,0.0,59.98530978504277,0,0.0,False
slung,0.0,RDP-C,0.18390188305985297,0.07023207962470981,0.5105445305020194,0.1138849468377953,0.5953783186033974,0.0014056352905908024,0.0011029411764705882,0.0,58.19767203996889,0,0.0,False
slung,6.0,Base,0.3157646309955558,0.19139317386614071,0.8284277093422948,0.16133104171985233,0.687873367996962,0.001816964744109969,0.002573529411764706,0.0,57.54528821998974,0,0.0,False
slung,6.0,Robust,0.32928901015126394,0.20014126997887982,0.9355687352305728,0.1443476091035593,0.6878455980790014,0.0016647986541473735,0.0014705882352941176,0.0,56.72978427995986,0,0.0,False
slung,6.0,Oracle,0.34629920878938186,0.21562633827871236,0.998751936443904,0.14720247698769542,0.6876664580420426,0.0021665344281815873,0.0029411764705882353,0.0,57.140530749966274,0,0.0,False
slung,6.0,RDP-A,0.3342649343405596,0.1919397167498113,0.9162088751247367,0.14787427042249704,0.687528542640224,0.0017796813164359339,0.0014705882352941176,0.0,58.71061961501255,0,0.0,False
slung,6.0,RDP-B,0.32012826036397796,0.19865664185947335,0.9077353276151547,0.14408074856530403,0.6883043997041524,0.001666864966146355,0.001838235294117647,0.0,59.539416120023816,0,0.0,False
slung,6.0,RDP-C,0.3233899589781481,0.19161299698973958,0.8719197382197421,0.1468109516801286,0.6879267435867492,0.0017867360851123557,0.0007352941176470588,0.0,58.430624094980885,0,0.0,False
slung,4.0,Base,0.31409221567976403,0.19181952800145294,0.8011764442384499,0.15946798199465584,0.6878311993673553,0.0018414115283970332,0.0022058823529411764,0.0,57.18486828998721,0,0.0,False
slung,4.0,Robust,0.32924395797997474,0.20193343390460122,0.9230833903800656,0.1414111466332631,0.6879679310889644,0.0016609219984335805,0.0014705882352941176,0.0,56.085109380001086,0,0.0,False
slung,4.0,Oracle,0.3450687661621446,0.21266951935618544,0.9659279549486316,0.14446281187427185,0.687921477481405,0.0021808290304553726,0.0014705882352941176,0.0,58.83767353501753,0,0.0,False
slung,4.0,RDP-A,0.33328285519637324,0.20052911900938752,0.8971973529733985,0.14535284612590227,0.6876019798884362,0.0017875388634232174,0.0011029411764705882,0.0,57.95994785003131,0,0.0,False
slung,4.0,RDP-B,0.3185964761054578,0.2000255089688314,0.8867927994406397,0.14087364359842708,0.6882217735408255,0.0017038868484397834,0.001838235294117647,0.0,59.652956955033005,0,0.0,False
slung,4.0,RDP-C,0.322349342415478,0.20129101624011214,0.8484470652599653,0.1444001026264617,0.6879446780794853,0.0018155102980862503,0.0011029411764705882,0.0,58.675976895028725,0,0.0,False
slung,2.0,Base,0.31416832983950616,0.18060518057825287,0.9185606081787913,0.1638147879112994,0.683420557457197,0.002361723140109897,0.007352941176470588,0.0,57.441471944985096,0,0.0,False
slung,2.0,Robust,0.32680228425805374,0.18912535384932036,1.029039426784254,0.15243465609161305,0.6828708959979308,0.0021597277692089116,0.0055147058823529415,0.0,56.451938549944316,0,0.0,False
slung,2.0,Oracle,0.3311071955640704,0.1907475049508365,1.0336410396169418,0.15290994489015303,0.6830697430200013,0.002646794921938934,0.004044117647058824,0.0,56.297278630008805,0,0.0,False
slung,2.0,RDP-A,0.32893282306646526,0.19314835460531216,1.0095254335194404,0.15878065521328086,0.6827246718480047,0.002274790228096971,0.004044117647058824,0.0,58.21934817999136,0,0.0,False
slung,2.0,RDP-B,0.3185102243061146,0.1887236802036435,0.9875956501546883,0.1526818606556947,0.6831327961278416,0.0022109764928015248,0.006985294117647059,0.0,59.76408930502657,0,0.0,False
slung,2.0,RDP-C,0.3200724260566364,0.19304078949952885,0.9707852925888277,0.15839831733775725,0.6830084766604703,0.00229893312706082,0.008088235294117648,0.0,58.07725639002456,0,0.0,False
slung,1.2,Base,0.3152560473664037,0.19509233153562852,0.8794099996374221,0.1643009766171536,0.6897148007529533,0.0020564985897314697,0.005147058823529412,0.0,56.85977783003182,0,0.0,False
slung,1.2,Robust,0.3272997658162514,0.21142389692021007,0.9299843171229707,0.14843718445364995,0.6896835393013305,0.0018182839229501531,0.002573529411764706,0.0,56.088619899965124,0,0.0,False
slung,1.2,Oracle,0.34339753564475806,0.21817334543764086,0.9830819894045912,0.15085190600764276,0.6891285866511639,0.0024723218423690755,0.002573529411764706,0.0,56.120496959993034,0,0.0,False
slung,1.2,RDP-A,0.3349695106861417,0.21602522844411154,0.9420550123961524,0.1540533054625189,0.6890925211167745,0.0019900270633115215,0.002573529411764706,0.0,58.058897695009364,0,0.0,False
slung,1.2,RDP-B,0.3191281763074699,0.21429791861299105,0.8942897702609999,0.1484754493595046,0.690025415131724,0.0018659406353890864,0.002573529411764706,0.0,61.626201780018164,0,0.0,False
slung,1.2,RDP-C,0.32548023684806066,0.2138862627657753,0.8934087413453558,0.1530263407205248,0.6895716567904681,0.001995997543273894,0.0029411764705882353,0.0,58.346012420006446,0,0.0,False
