scen,level,Base,Oracle,RDP-A,RDP-B,RDP-C,Robust
asym,0.0,0.18923505202872418,0.19189146367199414,0.19341236697641745,0.18291274312063102,0.18390188305985297,0.19175825106760508
asym,0.004,0.19068649136275176,0.1933381874493051,0.194643042511252,0.184812532051603,0.18585559191477913,0.19364255995483778
asym,0.028,0.20617865819973188,0.2059187928186106,0.21234811707486437,0.2007672879401723,0.20395272146112534,0.20980723342371801
asym,0.044,0.22199038389364112,0.21975233836311808,0.22858597787496165,0.21695695050313937,0.2211662490710315,0.2264559587324497
central,0.0,0.18923505202872418,0.19189146367199414,0.19341236697641745,0.18291274312063102,0.18390188305985297,0.19175825106760508
central,0.03,0.19223443000070758,0.20123276151979122,0.19965238000906055,0.1897651070934595,0.19018922084992815,0.1982758635944815
central,0.06,0.1972764344239601,0.2118883797053193,0.20832045902417295,0.19699132083400164,0.1975720319945099,0.2061044324190547
central,0.1,0.20380280201332765,0.22508337817093474,0.2191731232931812,0.20722181191729006,0.2089590354764714,0.21688226304827757
slung,0.0,0.18923505202872418,0.19189146367199414,0.19341236697641745,0.18291274312063102,0.18390188305985297,0.19175825106760508
slung,1.2,0.3152560473664037,0.34339753564475806,0.3349695106861417,0.3191281763074699,0.32548023684806066,0.3272997658162514
slung,2.0,0.31416832983950616,0.3311071955640704,0.32893282306646526,0.3185102243061146,0.3200724260566364,0.32680228425805374
slung,4.0,0.31409221567976403,0.3450687661621446,0.33328285519637324,0.3185964761054578,0.322349342415478,0.32924395797997474
slung,6.0,0.3157646309955558,0.34629920878938186,0.3342649343405596,0.32012826036397796,0.3233899589781481,0.32928901015126394
