channel,hand,learned
e_px,10.0,3.2906076337590546
e_py,10.0,3.2490770673499627
e_pz,10.0,2.9209680898952706
e_vx,4.0,3.4532144970274192
e_vy,4.0,3.522818755912712
e_vz,4.0,3.176298414973571
e_ax,1.0,3.2886244635617103
e_ay,1.0,3.32640706529555
e_az,0.5,3.4678174812470717
e_wx,0.2,3.5158866740251877
e_wy,0.2,2.9054434348066422
e_wz,0.1,3.3220612033730497
e_O1,0.01,3.217614715354591
e_O2,0.01,3.21106919382788
e_O3,0.01,3.1976334683849577
e_O4,0.01,3.132284951239096
du_c,0.5,3.0012446534326456
du_wx,5.0,3.4066819832483457
du_wy,5.0,3.2240765077067914
du_wz,5.0,3.1476829902497414
