axis,policy,bin,factor_realised,count,rmse,sat
m,nominal,0,0.8813583330415471,8,0.6223784417963323,0.26785714285714285
m,nominal,1,0.9958454756062014,11,0.7258700484895138,0.21298701298701297
m,nominal,2,1.1190356312239444,5,0.7321898975246324,0.11142857142857143
m,DR-all,0,0.8813583330415471,8,0.5665972147217311,0.13214285714285715
m,DR-all,1,0.9958454756062014,11,0.6533624282321961,0.19220779220779222
m,DR-all,2,1.1190356312239444,5,0.716986149932689,0.19142857142857142
m,DR-all+noise,0,0.8813583330415471,8,0.6083279233681027,0.2017857142857143
m,DR-all+noise,1,0.9958454756062014,11,0.6817138272689222,0.24935064935064935
m,DR-all+noise,2,1.1190356312239444,5,0.7259578209821589,0.1657142857142857
m,NMPC N=1,0,0.8813583330415471,8,0.09948921166580615,0.0
m,NMPC N=1,1,0.9958454756062014,11,0.1295982989987864,0.04025974025974026
m,NMPC N=1,2,1.1190356312239444,5,0.10242973810728026,0.011428571428571429
tau,nominal,0,0.8516754633331143,7,0.7631868076078245,0.18775510204081633
tau,nominal,1,1.8667829147321326,9,0.8244536962832071,0.30317460317460315
tau,nominal,2,2.676068920502799,8,0.7913064585169319,0.20714285714285716
tau,DR-all,0,0.8516754633331143,7,0.6747967702536685,0.1469387755102041
tau,DR-all,1,1.8667829147321326,9,0.8342395986658668,0.34285714285714286
tau,DR-all,2,2.676068920502799,8,0.757511095356596,0.24642857142857144
tau,DR-all+noise,0,0.8516754633331143,7,0.7207262206329696,0.16938775510204082
tau,DR-all+noise,1,1.8667829147321326,9,0.8671869343804051,0.3333333333333333
tau,DR-all+noise,2,2.676068920502799,8,0.7039092731584287,0.20714285714285716
tau,NMPC N=1,0,0.8516754633331143,7,0.11128042388551104,0.0
tau,NMPC N=1,1,1.8667829147321326,9,0.3169611468210729,0.2777777777777778
tau,NMPC N=1,2,2.676068920502799,8,0.6483075635281004,0.5160714285714286
J,nominal,0,0.8025759363093382,6,0.7577414109495519,0.23095238095238096
J,nominal,1,1.0459312805533258,10,0.7152954828631248,0.26142857142857145
J,nominal,2,1.2476340119138358,8,0.8009821849132241,0.275
J,DR-all,0,0.8025759363093382,6,0.5438502615267992,0.06904761904761905
J,DR-all,1,1.0459312805533258,10,0.7487242929041964,0.27285714285714285
J,DR-all,2,1.2476340119138358,8,0.7271113148882441,0.2392857142857143
J,DR-all+noise,0,0.8025759363093382,6,0.7054750097572837,0.10476190476190476
J,DR-all+noise,1,1.0459312805533258,10,0.7198541775849189,0.2257142857142857
J,DR-all+noise,2,1.2476340119138358,8,0.7201116280553215,0.2642857142857143
J,NMPC N=1,0,0.8025759363093382,6,0.11479038359353104,0.0
J,NMPC N=1,1,1.0459312805533258,10,0.10404755561377536,0.002857142857142857
J,NMPC N=1,2,1.2476340119138358,8,0.12489639956408764,0.044642857142857144
T,nominal,0,0.9062529721882513,11,0.8255194025797884,0.287012987012987
T,nominal,1,1.0072915195632597,8,0.7186466808918088,0.24285714285714285
T,nominal,2,1.0934306946598347,5,0.6763062331091207,0.15714285714285714
T,DR-all,0,0.9062529721882513,11,0.8826983756034976,0.24675324675324675
T,DR-all,1,1.0072915195632597,8,0.582726063508139,0.15
T,DR-all,2,1.0934306946598347,5,0.49694216452039164,0.07142857142857142
T,DR-all+noise,0,0.9062529721882513,11,0.8857230550357044,0.312987012987013
T,DR-all+noise,1,1.0072915195632597,8,0.659282581783229,0.1767857142857143
T,DR-all+noise,2,1.0934306946598347,5,0.6813998276070301,0.26857142857142857
T,NMPC N=1,0,0.9062529721882513,11,0.10910365472997569,0.00909090909090909
T,NMPC N=1,1,1.0072915195632597,8,0.10582732727042823,0.007142857142857143
T,NMPC N=1,2,1.0934306946598347,5,0.13157457699157588,0.0
