scen,level,ctrl,rmse,rmse_iqr,maxerr,tilt,effort,smooth,sat,crash,ms_per_step,respawns
central,0.0,Base,0.26583023956172913,0.09821006657912587,0.618543681875644,0.16089355576342998,0.6647119626039854,0.002690971795785316,0.04481132075471698,0.0,92.09976869879686,0
central,0.0,Robust,0.2591916105714382,0.10102921744228474,0.5424147426459013,0.15847437535074055,0.6635408107133182,0.0026040449767893406,0.05188679245283019,0.0,63.89729168673862,0
central,0.0,Oracle,0.29258277673271577,0.11105712267707002,0.793897232490547,0.15724801988107923,0.6846488610202164,0.004527476573578731,0.06367924528301887,0.0,81.66541184338317,0
central,0.0,RDP-A,0.3140780653868296,0.19805194729012673,0.7899334061693555,0.15301205862779266,0.6753002278131043,0.0043232981084809835,0.05660377358490566,0.0,65.8557422048253,0
central,0.0,RDP-B,0.2585419245034839,0.09979683950759868,0.5240847412493955,0.15920548611871935,0.6651929679839768,0.002921915082812621,0.05660377358490566,0.0,65.86468742170837,0
central,0.0,RDP-C,0.3114037056593163,0.19011277384233294,0.7744604107401188,0.15415669405295096,0.6766354042220619,0.0042780895954714696,0.07075471698113207,0.0,71.1097822289059,0
central,0.03,Base,0.2955102164182608,0.22792622061692658,0.7448008349119303,0.1643143634076161,0.683242871532478,0.0027300798943819277,0.054245283018867926,0.0,62.77871178314076,0
central,0.03,Robust,0.29580921960491013,0.2059994504240353,0.7490637244022034,0.1664070282853479,0.679658713479695,0.002617068926431228,0.06839622641509434,0.0,63.10369827708683,0
central,0.03,Oracle,0.29952287315671666,0.2216946772363237,0.8601616491502825,0.16900911570032054,0.7074943279756999,0.00602314076010486,0.12264150943396226,0.0,64.42514322893602,0
central,0.03,RDP-A,0.3515433571795357,0.28542830307780087,0.9812662567151955,0.15910479161236651,0.7015555425897031,0.004566418544407987,0.07783018867924528,0.0,65.13064742168616,0
central,0.03,RDP-B,0.29434478673731423,0.2051047759609824,0.7480777802590447,0.16784548355121953,0.6819535203409942,0.002512729167320346,0.08018867924528301,0.0,67.49997904818927,0
central,0.03,RDP-C,0.347269844234796,0.2841571671198917,0.9541072766749416,0.1594638645932766,0.7035229917084731,0.004367658913064687,0.07783018867924528,0.0,68.78203642168867,0
central,0.06,Base,0.3486869923490919,0.30327574003123636,0.8832829382838434,0.17044751912958186,0.7042805730832945,0.002919733911749726,0.06839622641509434,0.0,66.83033463857747,0
central,0.06,Robust,0.3561463310420049,0.2737892294834841,0.9727769283850619,0.17404946836593785,0.7020214528636363,0.003128160711440632,0.08490566037735849,0.0,63.39395795180006,0
central,0.06,Oracle,0.3237233823101571,0.27284897485519377,0.8739267066092551,0.18391165015125205,0.7247357508904838,0.010173925478496463,0.14386792452830188,0.0,63.91020132532394,0
central,0.06,RDP-A,0.3963969859123146,0.3591543237141457,1.0909836303379579,0.16569384972547851,0.7212159529687359,0.005258072783985512,0.09669811320754718,0.0023584905660377358,63.05913377108953,1
central,0.06,RDP-B,0.3534445110629851,0.27400151544014806,0.95460303473342,0.17462534654136405,0.705349372516934,0.003000172344020303,0.10141509433962265,0.0,67.64977875907088,0
central,0.06,RDP-C,0.3961291875472032,0.3585708586716983,1.1067428781481015,0.16852144403680422,0.7204931206774801,0.004604529385242283,0.10613207547169812,0.0023584905660377358,64.77663313253069,1
central,0.1,Base,0.4475465809279825,0.35937297406240665,1.0751824272519437,0.18305868945116688,0.7331601217749958,0.003011529250702928,0.10377358490566038,0.0,61.8392649036201,0
central,0.1,Robust,0.45463467624586035,0.32723866831439574,1.2286593043807925,0.1782271370397358,0.7335115929565241,0.002456148503350254,0.10377358490566038,0.0,64.51499965058531,0
central,0.1,Oracle,0.36642437501786485,0.2773733755731572,0.935010244208601,0.19115315744692812,0.7517932530869509,0.008100247881124682,0.1650943396226415,0.0,62.5540260964088,0
central,0.1,RDP-A,0.45570320187091956,0.4145254432587209,1.3323566584286084,0.1866120723603954,0.7420833114583684,0.0059061222983450784,0.11556603773584906,0.0023584905660377358,64.92206232531272,1
central,0.1,RDP-B,0.4535324491912054,0.330843091323353,1.215225467341968,0.17984362904156934,0.735164037492352,0.0020717582383025256,0.11084905660377359,0.0,64.84377702408125,0
central,0.1,RDP-C,0.45709246847284446,0.4144364709576365,1.3528181444794034,0.18576574206268154,0.7456759835097293,0.0057862998800705424,0.12735849056603774,0.0023584905660377358,64.24021687951564,1
asym,0.0,Base,0.26583023956172913,0.09821006657912587,0.618543681875644,0.16089355576342998,0.6647119626039854,0.002690971795785316,0.04481132075471698,0.0,62.80735948192992,0
asym,0.0,Robust,0.2591916105714382,0.10102921744228474,0.5424147426459013,0.15847437535074055,0.6635408107133182,0.0026040449767893406,0.05188679245283019,0.0,61.42026578316904,0
asym,0.0,Oracle,0.29258277673271577,0.11105712267707002,0.793897232490547,0.15724801988107923,0.6846488610202164,0.004527476573578731,0.06367924528301887,0.0,63.52134138555757,0
asym,0.0,RDP-A,0.3140780653868296,0.19805194729012673,0.7899334061693555,0.15301205862779266,0.6753002278131043,0.0043232981084809835,0.05660377358490566,0.0,66.55817743376247,0
asym,0.0,RDP-B,0.2585419245034839,0.09979683950759868,0.5240847412493955,0.15920548611871935,0.6651929679839768,0.002921915082812621,0.05660377358490566,0.0,66.06541107226715,0
asym,0.0,RDP-C,0.3114037056593163,0.19011277384233294,0.7744604107401188,0.15415669405295096,0.6766354042220619,0.0042780895954714696,0.07075471698113207,0.0,67.27259791567845,0
asym,0.016,Base,0.3815716028027828,0.21679740873820655,1.5776978509975625,0.19234496748873575,0.6796333476721444,0.002250419156910089,0.07783018867924528,0.0,62.97414750605892,0
asym,0.016,Robust,0.3829950527643159,0.3275916650659547,1.2301694763904722,0.20692488230464,0.6825052981340937,0.002699813161052001,0.08254716981132075,0.0,60.84578719275165,0
asym,0.016,Oracle,0.44412391421562863,0.3188905380222568,1.6480058654952414,0.22689973537943006,0.7042885912263342,0.011615141653202203,0.12028301886792453,0.0,63.14822292771136,0
asym,0.016,RDP-A,0.44691204654551864,0.36281583176980503,1.5042876427002956,0.1981601686287812,0.6828724716388619,0.005622107429023787,0.09669811320754718,0.0023584905660377358,65.25826665060174,1
asym,0.016,RDP-B,0.38179223705317844,0.3281345054079601,1.2382897104080555,0.2061489651740097,0.6853044692671724,0.0027265411644633334,0.10377358490566038,0.0,67.14151402411517,0
asym,0.016,RDP-C,0.4466543056951536,0.36234755967381377,1.5196722005961831,0.19990792138060542,0.6825384825744342,0.00586073312968417,0.10613207547169812,0.0023584905660377358,83.3532737710647,1
asym,0.028,Base,0.5134189758309181,0.358999479693025,2.091430994032009,0.2445951001107287,0.6863551255023981,0.004919096472499693,0.09433962264150944,0.0047169811320754715,61.26784887952037,2
asym,0.028,Robust,0.6497646767983859,0.6142242424497296,2.4300764191048674,0.24507208191328944,0.6891050185642826,0.006604683969237323,0.09669811320754718,0.0047169811320754715,60.88974126505929,2
asym,0.028,Oracle,0.5864211985613355,0.5643978381128066,2.1802693322293014,0.26254660059436763,0.713030977315276,0.03839655797572407,0.14386792452830188,0.0047169811320754715,63.68489965062914,2
asym,0.028,RDP-A,0.5665846171639374,0.4862949344573058,1.924240868420304,0.24633999671030077,0.6955330042656322,0.0048151562013234285,0.1179245283018868,0.0047169811320754715,61.7153805060188,2
asym,0.028,RDP-B,0.641106962405809,0.6192548200345319,2.2658541900018645,0.2369609283458831,0.7086396284706026,0.004674986605536877,0.07311320754716981,0.0023584905660377358,66.78253822891233,1
asym,0.028,RDP-C,0.5668075746259643,0.49002522529372966,1.9352967023910748,0.24769187524523484,0.6942723934166709,0.005033018708191233,0.11556603773584906,0.0047169811320754715,67.47051295183539,2
asym,0.044,Base,0.639431618581118,0.4680987618548606,2.125871721954433,0.33840319633085036,0.6561146038252558,0.02049129257204217,0.06132075471698113,0.009433962264150943,63.9589320120408,4
asym,0.044,Robust,0.5704508905342726,0.4306739967163391,2.01663695405274,0.33259260489320014,0.6574106979138715,0.020783695502429367,0.05188679245283019,0.009433962264150943,61.51369198795944,4
asym,0.044,Oracle,0.5662178642686696,0.5008302199705126,1.9558559444063959,0.3299317359339702,0.6676329460402479,0.03640518320102504,0.08962264150943396,0.009433962264150943,65.27517804821093,4
asym,0.044,RDP-A,0.6120377265468671,0.5390983907877639,1.9110368397886195,0.3125055372983917,0.6262704984213885,0.01452967268100531,0.0589622641509434,0.009433962264150943,64.95974686746983,4
asym,0.044,RDP-B,0.5687374829381084,0.4364838796951162,2.019026370953738,0.33096022517587,0.6601290988942808,0.020564045274792993,0.04245283018867924,0.009433962264150943,69.29830083136477,4
asym,0.044,RDP-C,0.5996935431264575,0.5341823735625495,1.8549770648810633,0.31085735188417013,0.6320709978407979,0.014184472400510503,0.0589622641509434,0.009433962264150943,66.71048822892158,4
slung,0.0,Base,0.26583023956172913,0.09821006657912587,0.618543681875644,0.16089355576342998,0.6647119626039854,0.002690971795785316,0.04481132075471698,0.0,67.97597455425351,0
slung,0.0,Robust,0.2591916105714382,0.10102921744228474,0.5424147426459013,0.15847437535074055,0.6635408107133182,0.0026040449767893406,0.05188679245283019,0.0,63.57943212047341,0
slung,0.0,Oracle,0.29258277673271577,0.11105712267707002,0.793897232490547,0.15724801988107923,0.6846488610202164,0.004527476573578731,0.06367924528301887,0.0,65.08617621687127,0
slung,0.0,RDP-A,0.3140780653868296,0.19805194729012673,0.7899334061693555,0.15301205862779266,0.6753002278131043,0.0043232981084809835,0.05660377358490566,0.0,64.13267532528164,0
slung,0.0,RDP-B,0.2585419245034839,0.09979683950759868,0.5240847412493955,0.15920548611871935,0.6651929679839768,0.002921915082812621,0.05660377358490566,0.0,68.79054579516685,0
slung,0.0,RDP-C,0.3114037056593163,0.19011277384233294,0.7744604107401188,0.15415669405295096,0.6766354042220619,0.0042780895954714696,0.07075471698113207,0.0,66.32578626504913,0
slung,6.0,Base,0.46684504427849666,0.17910108739132313,1.2633998468486067,0.1099325884705368,0.7479529534437604,0.0024995033467676044,0.09669811320754718,0.0,64.68815712046252,0
slung,6.0,Robust,0.5084705966185796,0.16833052935931092,1.672967976775892,0.12989856010293352,0.7488611923707122,0.003966807207119709,0.10613207547169812,0.0023584905660377358,68.86459026505493,1
slung,6.0,Oracle,0.3509554273227613,0.1966980907788912,0.9486709869079483,0.11153915246877005,0.752830670696493,0.004163722460733759,0.10849056603773585,0.0,66.53820268674971,0
slung,6.0,RDP-A,0.44853528369703133,0.28069403962419126,1.0339310411346618,0.11552496326982313,0.7796474337556453,0.003896382612065852,0.12264150943396226,0.0,65.44304916867286,0
slung,6.0,RDP-B,0.5038818603950168,0.17465171479770525,1.6556200123702776,0.12860118962220204,0.7513510965877144,0.003979873624206653,0.10613207547169812,0.0023584905660377358,68.95742853012929,1
slung,6.0,RDP-C,0.44320787624243224,0.28352584894173555,1.041830015719973,0.11644798513680273,0.781206842949506,0.003994186363958626,0.1320754716981132,0.0,69.26224475901985,0
slung,4.0,Base,0.4586153591087116,0.17561985206619996,1.1991437826629514,0.10940372404084632,0.7497932116743569,0.0026257127396179373,0.09669811320754718,0.0,65.50964863853584,0
slung,4.0,Robust,0.5008296121104108,0.1679075174634702,1.626753044263035,0.1307388542074519,0.7495452222835696,0.0043900669342712305,0.09905660377358491,0.0023584905660377358,63.8789398313331,1
slung,4.0,Oracle,0.3449604257962182,0.1734361741667665,0.9400118313719765,0.11419720308467445,0.7549667242746659,0.0038754418014769164,0.10849056603773585,0.0,71.8522506144672,0
slung,4.0,RDP-A,0.4388371538414957,0.2754747361034374,0.9740970469078237,0.11558244875477006,0.7805003629867491,0.00376417754176665,0.13443396226415094,0.0,64.7840443614615,0
slung,4.0,RDP-B,0.49568212947642415,0.17422147986029357,1.5947698044531826,0.1287178861889308,0.7532252107270762,0.00432116499411993,0.10613207547169812,0.0,70.84981792768413,0
slung,4.0,RDP-C,0.43314310810711965,0.27778338543280956,0.9795582164284367,0.11587027606765445,0.7821425173762537,0.003763837648473244,0.11084905660377359,0.0,69.80147053014574,0
slung,2.0,Base,0.4698483297273739,0.18413554544075417,1.2611937343869384,0.12528720434444557,0.7526258164516159,0.0036554110146831014,0.08726415094339622,0.0,65.67455397589035,0
slung,2.0,Robust,0.5142412595487194,0.17673454986159337,1.6765960795053998,0.14601845597785237,0.7510534571088172,0.005288686279711603,0.10613207547169812,0.0023584905660377358,64.36809538555906,1
slung,2.0,Oracle,0.3670226559843334,0.18778068530662487,1.1108389464444701,0.13478698714300158,0.754989262409826,0.00457568816907615,0.125,0.0,65.25918404817692,0
slung,2.0,RDP-A,0.4388463253091039,0.28740543641795,0.9772696804640343,0.12368175001761822,0.7847617423292824,0.003954823506385405,0.11556603773584906,0.0,67.05277026504704,0
slung,2.0,RDP-B,0.5096784408217686,0.18113125246611017,1.6479439820446953,0.1443182212279649,0.7564140678391169,0.005210877346135968,0.10377358490566038,0.0023584905660377358,68.51057081930557,1
slung,2.0,RDP-C,0.43348473847096325,0.2878590255727937,0.9940243446651755,0.1258507710715268,0.7874271934269766,0.004034395494874838,0.12735849056603774,0.0,67.30037508435977,0
slung,1.2,Base,0.4995261214355759,0.18501615923886033,1.5408944050953326,0.13028789400127552,0.7457610631059471,0.004019408730299294,0.08490566037735849,0.0,67.63214121685932,0
slung,1.2,Robust,0.5158002068185434,0.20186013888120047,1.6521400703605473,0.14210665319434984,0.7406474608152144,0.008090837906284325,0.09198113207547169,0.0023584905660377358,62.725871012066435,1
slung,1.2,Oracle,0.41128667923746887,0.24616795424708726,1.4360634780377337,0.130725722863903,0.754624149636115,0.004573901276939124,0.12028301886792453,0.0,65.28210667470759,0
slung,1.2,RDP-A,0.4694829054615528,0.3026021097406494,1.1221740813072967,0.12811442940310558,0.7856458503328613,0.004749860028990203,0.14150943396226415,0.0,67.2508793373621,0
slung,1.2,RDP-B,0.5175408834531136,0.20794050244136353,1.6850527943263374,0.14294745592665128,0.7447332697056499,0.008232351676017175,0.08490566037735849,0.0023584905660377358,72.59777540961493,1
slung,1.2,RDP-C,0.46453718061210697,0.3050759833396902,1.1365529611759964,0.12973144660497488,0.7873065980872322,0.004965011280216104,0.1320754716981132,0.0,69.8845174819468,0
