true_F_x,true_F_y,true_F_z,true_M_x,true_M_y,true_M_z,pred_F_x,pred_F_y,pred_F_z,pred_M_x,pred_M_y,pred_M_z
3.510985713026728,-2.2847837922167438,-8.035952767450167,-0.2784594154842782,0.25634511973744395,-0.1024932223399341,2.0061123006004644,-0.055940289244147255,-3.355156991623325,-0.3066359200809559,0.2811587358076546,-0.0184817558223142
3.452605700372586,-2.4143824542142904,-8.230227433504174,-0.2786889393394027,0.2559945308372875,-0.10216553738865859,1.9836047989571248,-0.023642766314872145,-3.3898808570053607,-0.30849017850018057,0.28313663850463167,-0.01672404714161754
3.3746400098584233,-2.5563414682180667,-8.431163951424269,-0.2782398664418606,0.25513665017244574,-0.10213814609349839,1.9327958138915589,0.018334058319035663,-3.416915057517477,-0.3108025501625135,0.28636141110774044,-0.014809446391268539
3.2361459812350737,-2.6714413266849246,-8.437046524931377,-0.28526111757442685,0.262216650818523,-0.10120156958604494,1.8767233162514296,0.07707511915357694,-3.429055387339684,-0.3125614660302984,0.28953438392526676,-0.013091629104565745
3.1027564412076862,-2.8098385199529563,-8.52860637182013,-0.2877264425633499,0.26466769984244803,-0.10116731293489988,1.8056199652850131,0.15657710877917272,-3.4273577649868967,-0.31421069725056183,0.2931079283971507,-0.011361016737389462
2.629730909058364,-2.5195166041797203,-6.64872702585057,-0.29564768309694095,0.2721823819571172,-0.10220822609407494,1.7246506752838278,0.23552847112057165,-3.390189797944432,-0.31566340197349524,0.29668576082985804,-0.010197823756304767
1.7639207290602141,-1.4548232606398979,-1.6267500590479216,-0.3218918250082058,0.2971612716591773,-0.10557744537615449,1.637170987357499,0.29034479828077764,-3.2857663941975592,-0.3166574968390874,0.2998778333179782,-0.010012689324314506
1.2336342359648027,-0.6194434285203879,2.0423663762055515,-0.36204392472345526,0.3357411424461232,-0.10875397894230736,1.5346076347384574,0.3138422283191397,-3.104558685919567,-0.31704322094388804,0.30216487213690396,-0.01045764402846166
1.2744880670452796,-0.7292458070888566,1.692173691112897,-0.38065324256201183,0.3544718162968299,-0.10812914728303116,1.4361667823410587,0.3172880624104848,-2.937946635114882,-0.3178861320410156,0.30415992487348703,-0.010530750879702616
1.9492671511879969,-1.7029906811600704,-2.4942714036216684,-0.3496080109018055,0.32448037523950557,-0.10977373036638191,1.3831670838535366,0.28817283877742883,-2.8360137993503765,-0.3182292521621248,0.3047299992666591,-0.010656530238296663
2.537524222307,-2.1595817153833288,-4.865614285469033,-0.31223743836451756,0.2888613451842429,-0.10806790472197239,1.4052204491970388,0.2268989394292679,-2.8037850214406586,-0.3174794160398729,0.302667107638639,-0.011336216849984286
3.660608747676425,-2.7232737446008466,-8.46132610294895,-0.2662980617097894,0.24517352469573434,-0.10312805318208514,1.5187992627185318,0.16246594416312377,-2.851430584674474,-0.31567451653035544,0.2978931956593011,-0.012560218872680103
3.4288461940882273,-2.222922050993101,-6.39139074898832,-0.25845728691364267,0.2378613047545255,-0.10119805669711317,1.6569226151158687,0.13649691159500899,-2.896799957509897,-0.31337099190815915,0.2924691590199418,-0.01388213003500265
3.5625436033096176,-2.0565738495174024,-5.995602394566752,-0.2603209367680419,0.23974267067908916,-0.10042816126101392,1.776849745948465,0.1565189812087214,-2.9141466837126497,-0.3108183505853481,0.2879627312474287,-0.015142843428551404
3.7866688334719263,-1.9670441136493593,-5.989825566837412,-0.26202349881410464,0.24131914519779818,-0.1003018674207985,1.8755562360399824,0.20114169958056918,-2.910214656498353,-0.308088584083785,0.2841841308124386,-0.016293816356925922
4.013921295120139,-1.8991094341598809,-6.053204628860587,-0.26494101139908455,0.24410379028984658,-0.10014559135118506,1.9743266915467614,0.24385929040768903,-2.9065344037561776,-0.3049975527393537,0.2804728236108247,-0.017409794940758807
4.232225074306807,-1.8454878580688117,-6.143190914599833,-0.2684313281163636,0.2474677170743567,-0.09997457297999383,2.070501393471944,0.2876092148719859,-2.897403968723708,-0.30167735624036307,0.2772797476253199,-0.018670092618831204
4.43747218204555,-1.8037696641869907,-6.245959601375719,-0.2718193823080801,0.2507325939423899,-0.0998434297501244,2.129271300479225,0.34382241201490593,-2.874707156910986,-0.2992062734437512,0.27470328104533637,-0.019265092019485265
4.620985466041551,-1.771535494989025,-6.340463353625537,-0.2756165786007081,0.2544483739806044,-0.09967264972750838,2.1564479275906154,0.40196303790133986,-2.8428671060150887,-0.29748934815060807,0.2726281144721128,-0.0190945802550416
4.789691968761292,-1.7494690874548577,-6.440670746684842,-0.2787303385076436,0.2574775782195067,-0.09958440863443783,2.187454136174495,0.45377832351387204,-2.7975294667605297,-0.29555800724285164,0.27061443398372337,-0.019034323245047557
4.942602260853803,-1.7366192619279042,-6.542576278327656,-0.281099489892481,0.25969634968883726,-0.09949168176484283,2.219713541647918,0.5015830441944393,-2.7388902478779475,-0.2935373237934932,0.26878367876452625,-0.0190055422080611
5.0768568758468735,-1.7321168806820473,-6.638993868538463,-0.28309432954050967,0.26147793209345893,-0.0993328722688446,2.249359503240995,0.5473295278893676,-2.6722187881653223,-0.29163620612110935,0.26738236959794953,-0.018837684217280187
5.192749598999917,-1.7357833634851416,-6.729362542203014,-0.28462036309512445,0.2628541354443415,-0.09929562600324797,2.2752141578643714,0.5917431121315776,-2.6007199020503737,-0.2898704694450501,0.26644301419209565,-0.0184416725163375
5.290912816081855,-1.7473764140978378,-6.813981658323507,-0.2858568430031426,0.26401935869863336,-0.09936832288938896,2.2963526408472927,0.6332208969586687,-2.530051667225224,-0.28828250091680013,0.2660320340201012,-0.017727255443769026
5.378168448096879,-1.7671967794202001,-6.905353306537859,-0.2863703682756571,0.26447560113641344,-0.0995530669885898,2.314626157369471,0.6677286952967804,-2.462445373274722,-0.2866949651014802,0.2659076321581421,-0.016747477900632975
5.450125860376896,-1.7941949082431297,-6.994617160946802,-0.2868630487099405,0.26493093445355054,-0.09973746780228979,2.3296723085303657,0.6920002330279709,-2.40504834165802,-0.2851853425219633,0.26605568944759556,-0.015518865204992845
5.508457094920007,-1.827993542251106,-7.084725423021312,-0.2872805409618063,0.265312458066509,-0.09991317139758413,2.3419657985213487,0.7061560180721292,-2.35924247362611,-0.2836968325626704,0.26619647453114903,-0.014214689743044786
5.554476519923237,-1.8681656019962776,-7.177891087311771,-0.28755909895545834,0.2655454537354456,-0.10008244547760176,2.3502741165342163,0.716909961789339,-2.3204847870415337,-0.28225725842572874,0.2660689457090659,-0.013081727320506213
5.58556035639644,-1.9138096502415947,-7.26865742678013,-0.28804700498989944,0.26599241864542544,-0.100203182014397,2.3519447760234953,0.7343477810545928,-2.2821905959094253,-0.28097468047723057,0.2656425128169924,-0.01223663348102405
5.585698428759353,-1.9617668213638222,-7.326446635731973,-0.2847556201445287,0.2634846215137681,-0.10202837382278707,2.3462246338581196,0.7661671522739768,-2.235691287619208,-0.27974768339978956,0.26478866227027875,-0.011739676126488503
5.425210668242041,-1.988552577687016,-7.104255480980682,-0.267868638980605,0.2521351449018347,-0.11251451071690725,2.3336971310605055,0.816206649471603,-2.175325591063042,-0.27844953934900196,0.2634103718859144,-0.011602511529975146
5.390478334536147,-2.02378410475747,-7.199461314632674,-0.26248259636187804,0.24822933604347813,-0.11691195117430755,2.312707523845582,0.8860314163139554,-2.1049249415811855,-0.27740931923753326,0.26200593815148576,-0.011716160184386466
5.32434274665445,-2.03970917011481,-7.317063259279887,-0.2560208103707634,0.24228568240000803,-0.1210007358492757,2.284800394447215,0.9689649514573249,-2.0291309233327475,-0.2766148381226029,0.26070247838932287,-0.012002236371852984
5.124378643626012,-2.017901209439105,-7.236805334873186,-0.2533061178528885,0.23842773510549964,-0.12365625506718121,2.25477801014234,1.0487748895242859,-1.9558662245628147,-0.2759401055250371,0.25947233565442307,-0.012382190857046086
1.8559262417799653,-1.57071254877348,0.11446164460866325,-0.26399657861177867,0.25478467322851056,-0.14607382549519848,2.1962985965373263,1.0877467832027043,-1.8144287422946337,-0.27387148418484947,0.25726203745152926,-0.013661232904768216
2.640351884605945,-1.663374099415015,-1.853439804678863,-0.2727045939722518,0.25982349782934616,-0.14305159788230312,2.1366992628860313,1.1302635459389405,-1.6979125755471323,-0.27315742910087476,0.25671587790049366,-0.014961074118270353
3.158167617947075,-1.6415276089819735,-3.3098039864026148,-0.2707893194157918,0.2539712603906825,-0.1331433551803883,2.080365305876012,1.1868193242703973,-1.6082826459864408,-0.27338113197556846,0.2571617153450207,-0.016015715381968502
4.8360560493097235,-1.4102849283757901,-8.06419507822404,-0.2253006662079977,0.20717651441082585,-0.1262838805492588,2.0454182061536814,1.2657750085805386,-1.5689147059511555,-0.27436717757957285,0.25778154237294687,-0.01662363198893319
5.23560315405959,-1.023460599218213,-9.581273544100538,-0.22942950993243252,0.21084697086806198,-0.1231900864066593,2.0027496950302797,1.3673479534176622,-1.55612048070134,-0.2757104775855324,0.25783648270369297,-0.017180306930719483
4.883250655561202,-0.7150695852830006,-9.09511187844343,-0.23108657517782963,0.21110388095995836,-0.12568090103720655,1.9266993093079763,1.5114450989529922,-1.5610242152373202,-0.27754462887349285,0.25774767725199577,-0.01776259894665523
4.951570762524147,-0.2142040265602573,-10.093666713837601,-0.22329340869555123,0.20044999716779005,-0.13117947079086584,1.8203124404490607,1.6830732994627644,-1.5753314140796193,-0.27925397753357073,0.25774711479872003,-0.01800744403535897
4.864516320285712,0.3435374030506866,-10.902908303362189,-0.21949016603497312,0.19093907997333323,-0.13159192961926447,1.7123275680680237,1.8435836363832065,-1.6023447927748473,-0.28012236342367564,0.2573166142359723,-0.017870668749408385
4.685629650205861,0.9765634328948785,-11.745730615649682,-0.21448853774078863,0.18168500592809061,-0.13373820794571653,1.597998434877062,1.9984661327927666,-1.638744372240049,-0.27984615671799906,0.25622282742931995,-0.01740230703403161
4.391815377198244,1.6606757246237416,-12.554668150764334,-0.20928399606317738,0.17263234679206135,-0.1356525563621151,1.4901867723443503,2.1324514970163824,-1.6598514647385678,-0.2795527723399652,0.25570867043647283,-0.01643171216328852
3.9874629443068135,2.3943589729035315,-13.374855879903384,-0.20370798098814574,0.162821387456405,-0.13594916988877154,1.3668215742493295,2.276640647178381,-1.6819197667524708,-0.2787734518726925,0.25501359848858696,-0.015276543059555364
3.4529160607741636,3.1192484220890746,-14.085716923977103,-0.198704703263469,0.15349021281198466,-0.13416175968642752,1.2324945553159463,2.425257450423127,-1.7005269499737052,-0.2776247735259847,0.25436348201473996,-0.01387672645600221
2.800395302657273,3.802371296684151,-14.695857522139645,-0.19413040739031512,0.14461839256501674,-0.12994381975505692,1.0944159459334497,2.5665811515773114,-1.7103384427020447,-0.2763409894941113,0.2539178962889677,-0.012310072591868573
2.0446729410658917,4.453968610168069,-15.33668008809877,-0.18896507877194657,0.13472708475097026,-0.12208193003797424,0.9588989747956147,2.687979549724363,-1.7077203878551124,-0.2749740685405571,0.2536515530371664,-0.010771723319893416
1.2014986071587688,4.895237355179592,-15.680190895921088,-0.18485163898169227,0.12944231134004677,-0.11603975682744003,0.8309371596476206,2.775370011032103,-1.6898719326672413,-0.2734107395945404,0.2533532444058508,-0.009606604911256767
0.2909664171090606,5.20417996260461,-15.982888835068618,-0.17877418443354054,0.12722481743026282,-0.11640670905798006,0.6984699263430808,2.840479791120569,-1.6554968321981822,-0.2718747085065044,0.2530393680760729,-0.008847906783909098
-0.7007027377275351,5.422865445040573,-16.326487418247083,-0.1716124521509696,0.12549782278627156,-0.12009704599226884,0.5472822472206639,2.880338046423789,-1.5926006049369197,-0.2705790978181021,0.2527461820548576,-0.00879230447737002
-1.7555486208043434,5.502680093146021,-16.55613697099963,-0.16598500899146412,0.12431102762905534,-0.12334957546859485,0.374557742892211,2.8925731565963657,-1.5007481795457998,-0.2698939635024869,0.2530869047477176,-0.009361096254373914
-2.920678258351195,5.542401748761039,-16.84392039861704,-0.1589462368278148,0.12255409737581181,-0.13032332515242545,0.20135191978990652,2.8656315535485883,-1.3837646769489071,-0.26974876539333775,0.2548517491991288,-0.010033019303262627
-4.057229120632968,5.373644389250816,-16.743213083028426,-0.15730472522321465,0.12222661869931326,-0.13138135804581239,0.04899681324976019,2.80397806142416,-1.2627078610763265,-0.2705504202478211,0.25874170202577557,-0.0103107405831493
-4.944081637896097,4.877726975860142,-15.938870322525794,-0.16441388240938154,0.12682326838005203,-0.12289409923538247,-0.07614324061218612,2.75377525541448,-1.1703015276496163,-0.273363327719459,0.26458400023928025,-0.009898397055625638
1.364717268645635,-0.7425878171259291,-2.2157629487669537,-0.30632981112342533,0.27577798420303934,-0.11704969275411224,-0.11748483034857887,2.6124091519526615,-1.0543240864658645,-0.27774966215424723,0.2709634824261607,-0.010129821046614449
3.5203573260174,-2.0986244565544645,1.4046333072939918,-0.3844108188003671,0.35698639618436423,-0.11137186141727201,-0.09928237537782407,2.437566343031471,-0.9679638155324557,-0.2837673601005669,0.2773438420149287,-0.010335772058728578
5.325848898969555,-2.9995817254133983,3.964523062897892,-0.386445712569394,0.3596578290225666,-0.10993830535915022,-0.048205270116311295,2.252756184467943,-0.8858934361196219,-0.289104568842122,0.282243487152155,-0.01097977085710937
6.663363436128086,-3.6479139565957928,5.797072299663632,-0.3446976398163185,0.31719440271828947,-0.11156045962120555,0.01635754466210335,2.077127316238217,-0.7981059179056931,-0.29249001653904244,0.2851018694067708,-0.012302406888605021
6.728690165439687,-3.725919295205025,5.979648743095788,-0.35426957187686037,0.32717558251185186,-0.11042947362250377,0.08450561672433873,1.928847043813728,-0.6952313991878484,-0.294107607763637,0.28652091241329253,-0.01368307801149771
7.104461500316167,-4.134465977125597,6.876553934382649,-0.30853929082296083,0.28037755083366955,-0.11301237235270117,0.14291013765317376,1.8152924033448403,-0.5915157061508383,-0.2932399132224241,0.28561848804433826,-0.015194487481440156
6.677000602211613,-4.202883826112855,6.79007955129641,-0.28650231559524586,0.2577736174796622,-0.11443101305884228,0.19477155841814736,1.7367746115496256,-0.4848415851214329,-0.29043041599347774,0.28298337045345945,-0.01667803890648746
5.109471450535336,-3.50216836612666,4.874335344776663,-0.3002899600569476,0.2718465803677401,-0.11377753874155153,0.24059938906562012,1.6912064633709973,-0.3765868446479748,-0.2864678488593238,0.279328208597259,-0.018024165614766025
2.004409372951391,-1.1957317577112847,-0.3663134680658342,-0.2607300550584739,0.23123207097093912,-0.1164447426264653,0.27620445976313296,1.6767770432857543,-0.2786445958056857,-0.2815069075376005,0.2746052549516394,-0.01971934341802133
-6.072006360384939,3.8309542641442307,-12.407254377908934,-0.17876563426923325,0.3006526600037438,-0.04411116126460102,0.2901892362971457,1.741851636525749,-0.22046000285541875,-0.27884574523120786,0.27220626309396184,-0.021264305832562756
-5.296275772805412,4.174243690638037,-12.321271979356153,-0.15780319892675498,0.2775161823287976,-0.04364732455018189,0.3086489651394354,1.8005775146980276,-0.2001096125193391,-0.27661962639665855,0.2698727665917616,-0.022333724303619008
-4.640745420208938,4.566303429054503,-12.35211377004627,-0.15375990554934868,0.2722744337331681,-0.04303300904307816,0.3209883316699237,1.8607414680317487,-0.20192813807475307,-0.2746933420659422,0.267708488733719,-0.02287876127482257
-3.8304156915001912,4.4767033589520295,-11.574551119663505,-0.16155196405481856,0.28024070179198823,-0.04109230944726905,0.32209435649543633,1.9228099203636517,-0.22378896632449494,-0.27300832480429477,0.2655554611962696,-0.022882597839677467
-3.1110046314706032,4.204952851917061,-10.595700854137677,-0.1717979917479286,0.2913075381145437,-0.03915904633242792,0.3103488292673839,1.9840055958001062,-0.26730209772134655,-0.27117403305103316,0.2629385306373633,-0.022292540231919098
-2.4762641926949636,3.6852180093477966,-9.331900810298539,-0.18499058631658966,0.30581088009326585,-0.03659984592752749,0.28780341571502965,2.0407615455431745,-0.3363062144967847,-0.2690986632195677,0.2596688908939211,-0.021150857837503277
-1.9842426002134859,3.0934253330858685,-8.077595716896989,-0.19808192656743268,0.3203407178251132,-0.03398278158559628,0.25843220774310405,2.0949464025735858,-0.44134724837288003,-0.2671971430140152,0.25617923175187285,-0.019513295340844946
-0.34139507787523515,0.6531190623147247,-1.4962287346183392,-0.17329958520762492,0.173299585207625,-1.946515572107157e-18,0.23728454998247137,2.162486826681127,-0.46014533146413994,-0.2643127895210228,0.25084829459810304,-0.018758705273776807
1.15650747811825,2.04631210041811,-8.713698123682656,-0.2246074297774408,0.19483457728565184,-0.08032801630522515,0.2235472974776483,2.2629183470212086,-0.5276445812869143,-0.26636316453275066,0.2505178385486445,-0.017810580870327265
-1.370657557499442,3.312928093528817,-5.901672367869728,-0.2505018964549351,0.27896700136333474,0.005663074936963629,0.21606858800129677,2.356784286992509,-0.6211310249477465,-0.2704644229203622,0.25230511647517473,-0.016872553529638165
-1.753619839252501,2.3447731116807344,-3.654913428179656,-0.2766241339384215,0.2986521251569072,0.0018962495895617493,0.20357576902332394,2.4425145078152455,-0.7326459095913964,-0.2759098844216159,0.2558664596820483,-0.01564686562620427
-2.0045371379348316,1.6262818994438466,-1.997409441109473,-0.2885953141076252,0.3260925840636548,0.006823351530117837,0.1806559320855028,2.515115897983033,-0.8464152170568411,-0.2823644468148969,0.26127304282668784,-0.01405316842055874
-2.119915915005791,1.2364830142730225,-1.0936499110953202,-0.27446203589610013,0.3455535398965513,0.020802692545213178,0.13931349039306087,2.579673879118908,-0.9460922021793208,-0.28927383423700076,0.26825519295095096,-0.011842336518587656
-2.167307649246068,1.0439307809108938,-0.6316767866991223,-0.24153251919860386,0.3564630779507748,0.040912362046791065,0.07339998652487971,2.6352142276202737,-1.0195261117569088,-0.29591985062665005,0.2761303324415255,-0.008925799538820674
-2.1856053813235725,0.9130383529522546,-0.3207512000909301,-0.20000139895350383,0.360229169754559,0.0628128671742415,-0.015452311698325174,2.666995779803362,-1.0618560390741765,-0.30160879395761575,0.28378752937327295,-0.005592320843731569
-2.1852716562617496,0.7960285890306875,-0.06361790785206757,-0.1564452578089558,0.3565956383660176,0.08294894533624723,-0.11213903098948969,2.6578216207371463,-1.076909761322959,-0.3059472631089574,0.29016735383707504,-0.0023497901262336243
-2.1789423043143783,0.7330819891324283,0.08496314351940251,-0.11580853714240102,0.3460106559106175,0.09887882348503318,-0.1962179806623497,2.6050168330912493,-1.0705228590954279,-0.3088836812033395,0.2947949241694716,0.00039507381218439137
-2.1835843063560083,0.7798461995726588,0.051715197594761564,-0.08192940351016764,0.33034610155797206,0.10941530347665235,-0.2551995898553411,2.519740061332526,-1.044531857729891,-0.31020285836036293,0.29754120723631794,0.002426811696006625
-2.2025716028280766,0.9580390853670765,-0.19479054026407297,-0.05740599706104532,0.31141954114252834,0.1139960607417342,-0.2907319568638067,2.416346271888085,-1.0000335676013905,-0.30990368254932044,0.2986079494886394,0.0038458311296002156
-2.2134298177654257,1.2196889988747592,-0.6014380360822527,-0.04415205271966549,0.29047172890875417,0.11253385437326963,-0.3087914257371807,2.30506260978879,-0.9400883901529145,-0.3080758714037197,0.2981770245914803,0.004942280543024487
-2.185355680248169,1.51221788957525,-1.1217890017466066,-0.04133974890247616,0.26876408991979317,0.10639602809669747,-0.3125103279912854,2.1902857962592157,-0.8639902281972207,-0.30473355954869635,0.29637371727179895,0.006099438762092565
-2.0929066112518395,1.7610369884513228,-1.6663903487170908,-0.042149915508973845,0.24437947537081778,0.09810758008288753,-0.300307282226025,2.068306101257131,-0.7664191287256822,-0.2998139831472084,0.2934682249881585,0.007760061082380168
-1.9351509163492533,1.9090370093788767,-2.1452213231204915,-0.04383889848798084,0.21815522611030821,0.08995570896485626,-0.2697564467161152,1.933347995208343,-0.6451222349050367,-0.2933722811374573,0.28988424981132344,0.010117654852644311
-1.741413404970903,1.9225248728391782,-2.4663647977836605,-0.047024960539815086,0.19313870361427635,0.08331899069045344,-0.22865534550036334,1.8017177226505776,-0.4940318173764867,-0.2845711326090604,0.2846213477851535,0.012871403725429149
-1.5669753646873044,1.7973790638700422,-2.5430908396230407,-0.04997753827735435,0.16978634980284457,0.07875659985201199,-0.20239314493921334,1.697592111070109,-0.3520004027902424,-0.27501108622594717,0.2780404197448481,0.015311411005033972
-1.4589926752270101,1.5869395160917477,-2.387035693133026,-0.051051454304705396,0.14739821710551226,0.07565145337124589,-0.1980031856862373,1.6249798811840932,-0.2523757641103338,-0.2657038855002687,0.2707048260408317,0.017430072142155008
-1.4280606782622263,1.363521891345264,-2.0895032306880164,-0.050963252760044646,0.12677132475254227,0.07258069662056382,-0.20658059603434115,1.5648402358951399,-0.18916967854200775,-0.2562730454613201,0.2626088665807778,0.01962382216103312
-1.4456794067195924,1.1805064955845945,-1.7765856536477045,-0.05025422524386554,0.1081351453954662,0.06817495996630381,-0.21782809677710147,1.498457971911662,-0.1411703242879816,-0.24607072288323212,0.2533517766212401,0.021916858016817666
-1.451300671470221,1.0579116911448954,-1.6017194000351163,-0.052919863942937545,0.09550820033830232,0.06182304071753923,-0.22610709115241584,1.418336689629727,-0.10223767736822457,-0.23575526532143684,0.24341481401918355,0.024164803997228767
-1.399846887834797,0.9716423351610856,-1.6531340040279348,-0.06259681427851765,0.09380029634739362,0.05374578063215345,-0.22513436151044397,1.3300064439618222,-0.08430752395772018,-0.22741397091240645,0.2349484032394376,0.026219541477722975
-1.2927308038152536,0.8803145046243909,-1.9210224387162904,-0.08326424951492556,0.10827026555657226,0.04458853265973483,-0.2267544857293478,1.2421109607540168,-0.11058182564157644,-0.22422350655665307,0.2312675542549502,0.028516167007247625
-1.154781276319223,0.7534305584166161,-2.3753873308259688,-0.11398034714714661,0.1389696253087115,0.03580071259367918,-0.24267729252290474,1.1533856596358742,-0.19947755484454707,-0.22747161363201665,0.23390308653347328,0.03132769159288757
-1.0568691205069667,0.5894805986668878,-2.8621765777481007,-0.15053737910330484,0.1839617321452668,0.03027162645066448,-0.2605049625826066,1.0643410620358174,-0.3374711787581221,-0.23625226899629584,0.2423943115225196,0.03442114597132677
-1.032624380136831,0.4065064960391157,-3.3023376001684173,-0.19034861117541202,0.2370933059196002,0.027754165920257527,-0.3007220983503114,0.9556461732189157,-0.5520113073007067,-0.24718937798903978,0.25345223271719014,0.038315399995804446
-1.0967464132335358,0.23253488410683512,-3.614767689792612,-0.23314622382406952,0.2956206109065943,0.028234086772433917,-0.365863598218291,0.8235351218864438,-0.8461864606523174,-0.2594284692803584,0.2664200290318878,0.04306118110011387
-1.2432238958910293,0.1043041495919296,-3.701318432728439,-0.2755137287815307,0.3552463669243187,0.031894877732639174,-0.4474445311676277,0.6834845045833606,-1.1947390801794515,-0.2718863767075861,0.2799088558283962,0.04823422942111902
-1.4339574299902333,0.04850102174970098,-3.522522770473283,-0.31263041356407295,0.4108887571352917,0.0388670754021645,-0.5279965338348863,0.5545658909370549,-1.5485701813581554,-0.28328649251993376,0.2921542630857765,0.05295854221247693
-1.622580295446177,0.09236876515169326,-3.0262413180510794,-0.3382598418689322,0.45428251029932243,0.047978301443701514,-0.6007006807934842,0.4258034627727619,-1.862068567286476,-0.29162072152967505,0.3012967864348694,0.05654711233505841
-1.7580857184065894,0.20709166654116215,-2.361985489365612,-0.35085650012707503,0.48380654776109083,0.058590940758353166,-0.6655643526383579,0.2619696735876726,-2.12940661725216,-0.29476109012541013,0.30594047008364234,0.05883757875243182
-1.8279520677097276,0.3373289130781841,-1.729332666413754,-0.35608684855562445,0.5055239329528957,0.07002257848803123,-0.6697285201368096,0.14622309139868325,-2.3600072738972186,-0.2998354288509234,0.3120134224980504,0.05868491960655245
-1.8563445910486254,0.4141290781319277,-1.3397080661293685,-0.3544329793613248,0.5196935410148842,0.08143919565287377,-0.681232324296027,-0.018919268547419495,-2.5407230605736992,-0.29953699810795453,0.31224402416205904,0.05915582299738216
-1.8794162988555634,0.3868955949186578,-1.3233987300031822,-0.3462835638886842,0.5246792749075407,0.09092738819933006,-0.6940218040039035,-0.18413503197682976,-2.6938331337501324,-0.2978111069667191,0.30982222505887685,0.059793526126924845
-1.913025555339002,0.2382992146716005,-1.7022557902977629,-0.3339845164032417,0.5207036180293652,0.0965328048973452,-0.7363170140631059,-0.3530775406467937,-2.8700649956063677,-0.2951619604631113,0.3040087769314104,0.06157710651902725
-1.9401607215261893,-0.024698664719810793,-2.4313777555439713,-0.31927217305292066,0.49881447938738666,0.09301454109781006,-0.8219279403422473,-0.5345419615807234,-3.1188354395335844,-0.292196190036669,0.2943369251959479,0.06504506864888254
-1.9182657437979647,-0.3554595309356161,-3.3578735777351394,-0.30260035959390663,0.46148425128545767,0.08162975603359798,-0.8537742481236956,-0.704546049853086,-3.307298701498848,-0.2888989510350588,0.28525501049626995,0.06750235959338043
-1.8149790544945168,-0.729799353737489,-4.418307301153301,-0.29348484790213203,0.42711358684887835,0.06764348396203597,-0.8155273389516351,-0.8519382281623451,-3.3882574886668544,-0.28489061254742076,0.27803230506333865,0.06796274586567354
-1.6189977966083569,-1.0546378960312217,-5.353088672455672,-0.2944136726187905,0.40598156669288366,0.05520797559418105,-0.7538438021111707,-0.9874781955356895,-3.415907155033708,-0.2802325580914386,0.27120853493925406,0.06729144705505782
-1.3430819287559985,-1.3530043075696374,-6.261363730347782,-0.2744500742861172,0.3798287066138898,0.0497507317038861,-0.6799870954726962,-1.121601762858126,-3.4183571437396143,-0.2740863427311037,0.2633079338285682,0.06581821213191195
-1.0406527139186634,-1.5022144299953661,-6.7576996089315005,-0.24373935372095545,0.3475131401806867,0.04786100342597596,-0.5821932750821796,-1.261525230769593,-3.417014470507451,-0.26426517053522974,0.2520804053889419,0.06360312140611357
-0.7881857581710219,-1.4770156284190987,-6.718603805305727,-0.21061205139468686,0.3143157982647401,0.04845542669907148,-0.4437428963863992,-1.4068180642640125,-3.4251632690587104,-0.24779221444508623,0.2348533392281279,0.060476671062224624
-0.6520180459640148,-1.29646344445497,-6.150216552178006,-0.1755287892474689,0.27990630630404634,0.051303610123912366,-0.28323942019033543,-1.5477738156171588,-3.423132393972174,-0.2239184726368142,0.21219619483880872,0.056960601485109986
-0.6688595102289356,-0.9983928396642269,-5.140854572358863,-0.13825717503103374,0.24376529237990874,0.05597315030286208,-0.1697466290976188,-1.7099836777944493,-3.422903041236273,-0.189826012196796,0.18476167596588122,0.05659529009317035
-0.831834608456235,-0.631847258558244,-3.855224731231683,-0.10008426134359244,0.206997149620524,0.06183687329218004,-0.11522866980086811,-1.8569530454146372,-3.6227659192926933,-0.14208138557617464,0.14481296073701877,0.06013234687920811
-1.0165542803154681,-0.34105256160599184,-2.7952121117407036,-0.06919045187588427,0.16720029441120987,0.06268458392435253,-0.14184544684035025,-1.8698196438672403,-4.056903561060139,-0.0891814409009129,0.09452303020378175,0.0642556899605553
-1.1451218467161237,-0.17412189308112,-2.137946307532195,-0.05004609102435953,0.13085424897555875,0.058493130161157585,-0.2079017422262821,-1.6822370396418294,-4.401257763480499,-0.04857967880118585,0.05846006656846338,0.0649499499940339
-1.180152967187692,-0.14922505005669373,-1.9222880437691428,-0.044828089429411126,0.1068720259763869,0.05128537586398954,-0.10932651195952459,-1.6813970458660874,-4.468154185231801,-0.029531209028441124,0.042077733733041724,0.062323650315476195
-1.124918813853466,-0.27279378700109264,-2.1174722653562728,-0.05425088634547494,0.10069257034030399,0.04229209028966516,-0.037868036744986816,-1.6840386372128042,-4.469939113913416,-0.023996923774206445,0.036983699953340055,0.06108473980462906
-1.0429101279674378,-0.5020836738360037,-2.5597073997705584,-0.0841478316879844,0.12090658656882902,0.03223472526941998,0.0049691430912037335,-1.68532863889573,-4.482799708108066,-0.02366134765264166,0.03646859355232913,0.06089160648572547
-0.9978481029413103,-0.7929988134470791,-3.1192097281389977,-0.13201317122953357,0.16587598085038224,0.022446729206590757,0.02479719327113458,-1.691331082535997,-4.523830327867015,-0.026404900347850334,0.0388358726022682,0.061323912127264596
-1.0616404543901814,-1.030190876108187,-3.5319062795177527,-0.187918635962031,0.22794883194279375,0.016009367648165587,0.02663082834978236,-1.7013015354632808,-4.60247469662702,-0.0316819955258835,0.04349454511108068,0.06206580776762206
-1.2308788453299424,-1.142950860282568,-3.6712865490552233,-0.2502565580546793,0.2996496445876017,0.012259369240213924,0.017007098325187178,-1.7106480642854038,-4.716472858978682,-0.039341384395379195,0.050050652457796906,0.06282868564575571
-1.457050847883704,-1.0352407568876834,-3.349511997975348,-0.3149956958446883,0.3720817576422609,0.010574998636897655,-0.002244695121904337,-1.709793218941228,-4.850204821836505,-0.04947429344893418,0.05837169794908226,0.06342768209204841
-1.6427358540676145,-0.7427844233396088,-2.655447516889434,-0.3687056818348669,0.4362240429155689,0.013100573254664225,-0.04211600521595923,-1.6947518934185586,-4.961201289397792,-0.06441709648139887,0.07054160971551818,0.06383909949436868
-1.7322386482517371,-0.39623521283536606,-1.858753785398866,-0.4015034725286003,0.4861636952078414,0.022416735219721082,-0.13083015099743014,-1.6857675778049461,-4.94458477688191,-0.09482773843201525,0.09594878450085889,0.06413108462240416
-1.7468688985288012,-0.12029404206301691,-1.2173459880074136,-0.41545264989300446,0.5231916559955145,0.038098069708933015,-0.16538125117158115,-1.6771232527380253,-4.657733173968282,-0.15845458700983278,0.15014471050928455,0.061062020183259035
-1.732524423300479,0.05818034881158343,-0.7905623723547366,-0.41940587354714,0.5543534591923553,0.0578263472546998,-0.32116624085130363,-1.4329017856246111,-3.738520585679963,-0.26886083869081173,0.25390304337126757,0.057506036591361394
-1.7522280078262529,0.12168724534857835,-0.6680396680624786,-0.41336154998599484,0.5750243674273963,0.07796875609181031,-0.5474620115360798,-1.1918792474592204,-3.805307621384243,-0.2944232888079791,0.2718921511992633,0.049765188826907225
-1.8510130649847156,0.09443200127694532,-0.8892093639797916,-0.40086720280135174,0.5830266622363169,0.09397575964175744,-0.4898106390747146,-0.9319542729292796,-3.917220813465536,-0.3124629774693407,0.2790776966607423,0.0421491517435226
-2.0384809278848612,0.0255036524714641,-1.4660198667431084,-0.3780546512359374,0.5673885073540705,0.10086616202260046,-0.4043997609188336,-0.7878072932482753,-3.9616387153025454,-0.32287228780719424,0.2826842003267085,0.03708100923112414
-2.231810108584793,0.004865353873474165,-2.199067883578494,-0.34926998964208433,0.5299628827606631,0.09753038712701,-0.38158603754456644,-0.7504818601861727,-3.9787297377070954,-0.3256428826711163,0.2829445798455701,0.033587183488210146
-2.389224546732841,0.06126146222990862,-3.058709080163322,-0.3244857161086583,0.4946465668369402,0.09143988090936243,-0.3881759640910804,-0.7620149455652072,-3.991603745090714,-0.3253750401466538,0.28149649601203,0.030412362184424235
-2.472369661001952,0.21297273834730407,-4.00042708849357,-0.30099577011415446,0.4636210675628664,0.08565025214707074,-0.4220077481239333,-0.7988864717397218,-4.0069695167795745,-0.3236484665847389,0.2789915967954113,0.02708604752727606
-2.5508406474974694,0.47368847936568265,-5.513086077539498,-0.27049879390158815,0.40982295827643866,0.07228549256992212,-0.4787933663812267,-0.8339224161341079,-4.025922207192594,-0.32119997797620653,0.27634718803824215,0.02395119856577484
-2.280200725151052,0.7710630995229151,-5.421397453913004,-0.2504851583801102,0.37989191882878526,0.06525647766927982,-0.4872589943830358,-0.8502495376068459,-4.072696006796144,-0.3175303689736012,0.27455999127896935,0.023198029042871552
-2.0046133849940215,1.02490214651925,-5.160199309981431,-0.23823298786779534,0.3664531140804272,0.062314912432291675,-0.5416322435106511,-0.8248263362120497,-4.162904729459321,-0.30610039412838413,0.2659160994087671,0.02054588658748678
-1.7587901554212149,1.2460571353720125,-4.937846672069335,-0.2106453209722918,0.33410607775865425,0.058911096784633465,-0.5141474187887626,-0.6475433030892681,-4.495038602947204,-0.2825503363493801,0.24435591073352417,0.01661265984401143
-1.5494431508482929,1.1414819455637089,-3.41119308571031,-0.15882218297078082,0.2870991284437927,0.061725870866726,-0.3109349778829257,-0.4474423594578799,-5.199378781343978,-0.23284337711515526,0.19320016233942766,0.010769042047343068
-1.529732249973242,0.5696228042911132,-0.7011261006117708,-0.07827029442640421,0.2209207984088043,0.06998022461824019,-0.08054186646203859,-0.32300306652543864,-5.787560830158577,-0.18950074237250464,0.1423422703096073,0.005569032762271093
-1.617156347390206,0.1567056656876339,0.7517983568958114,0.004960466321707546,0.1350579543644047,0.07011858983122744,0.07439860879437517,-0.18577804811002657,-5.895918736230979,-0.16845427970835872,0.11647787826707995,0.0009410169917089258
-1.6545984935294442,0.07654946291356048,0.9319078877565611,0.07340428775194963,0.053630829438332195,0.06660041292491704,0.19166513929949228,0.009835744259943775,-5.782296492605213,-0.15608107223431117,0.1017886889086969,-0.002981621080901828
-1.5819610683500458,0.28256238364537034,0.28587764711255526,0.114658029637834,-0.005533366638426407,0.06162720390830717,0.2607163415418502,0.25389770869317546,-5.494984512944382,-0.14874096927221628,0.09205380947799162,-0.006271139378404373
-1.4396850404484498,0.6154840313694779,-0.6634129105971723,0.12301387885474818,-0.03382243765264403,0.055368762390775615,0.25363334062268067,0.49473799979237654,-5.058188232582226,-0.14881396071464983,0.09209775401293295,-0.007497440372815937
-1.2929213745368926,0.9652045786278354,-1.6450613598016302,0.10140302644601279,-0.03411778615902117,0.046783538367054796,0.1550851211528632,0.7271002114057921,-4.534265600827924,-0.16256871055971253,0.1119711763941658,-0.004731944673238408
-1.2004184658824533,1.2783253811079318,-2.54770465254221,0.05383776102048102,-0.0038283960612521817,0.03694383323746528,0.04314852527552386,1.0637488696585236,-4.087774992350338,-0.1872282977969419,0.1443357816453751,0.0005660662915523763
-1.211226024742688,1.5127606338282582,-3.2616213494137534,-0.009664336291396687,0.05525919441300775,0.029402570736242195,-0.06123990021707135,1.4537017235470089,-3.7639836937860696,-0.21651334760391314,0.17928893909567903,0.004313091805921684
-1.3237363128197865,1.7562496642318723,-4.0413549803728035,-0.07733057967014983,0.1348408358347042,0.026271870122290236,-0.2896754039120356,1.7616526386226243,-3.5002645110344215,-0.24904086066625203,0.21835800140942857,0.008508863285342642
-1.5659291743471315,2.0182628902818314,-4.935208732229604,-0.1337284411965478,0.21539301130120764,0.027770440274352735,-0.5833219861578514,1.9679230909256717,-3.239285872562064,-0.27765633253277794,0.2530586572148302,0.010919301752025731
-1.960768234184845,2.261759571469901,-5.869857556711466,-0.18682745995992095,0.27939497880965725,0.023990820928159965,-0.8167677260334694,2.1409776891081593,-3.0547243876104586,-0.29674868256097203,0.276211032790179,0.011879368354058818
-2.3202266671894747,2.041009717179064,-5.401282341713346,-0.2532776480633533,0.347934094977558,0.020167812436693244,-0.9768606434141474,2.3132792833829345,-2.994474659878898,-0.3084602151494583,0.2905073280650326,0.014058540706446456
-2.6867314234646447,1.893578163716744,-5.157021236540596,-0.30245616686565363,0.39755778413357273,0.018998704203891475,-1.0845157449626348,2.4497238268043313,-3.0020593072797355,-0.3172693839165374,0.3008339725227128,0.016872318595554027
-3.152403037413933,1.871970561318838,-5.324097399253767,-0.3337187401942402,0.42933321861362495,0.020523602327306916,-1.153926567116319,2.5264932054320637,-3.034415175613217,-0.32474767273643634,0.30895951832811047,0.01948920995432092
-2.984043657675945,1.3557482470588493,-3.5876872253890575,-0.3736418397766122,0.47449089977644265,0.02684426089123594,-1.1928126194824653,2.551551264886565,-3.066329098483476,-0.3317024727076471,0.31584610878114017,0.021778195702374617
-2.284061597770563,0.7127340959167997,-1.181298757814708,-0.41553473602581165,0.545141498963107,0.04623636185617047,-1.1994161117270774,2.5416928056370462,-3.0726401378548633,-0.3382618462724771,0.32192415173095085,0.023526949229807612
-1.5518959315342278,0.25387194456298134,0.6163520177627693,-0.4604167047366094,0.6210892601091624,0.06917293403513675,-1.169343322327025,2.4962713552949256,-3.040871261151961,-0.34438038697239076,0.3273265199099948,0.024567751038477366
-1.2397880545649218,0.0904855715524753,1.2668159612174508,-0.4718428605295215,0.6533507982350559,0.08725831687980884,-1.1106070747577457,2.3923149568981725,-2.977023459864135,-0.3500323216321007,0.3319485756273931,0.025288679245049094
-1.3272295418643647,0.12956460477390713,1.1460375863192664,-0.4381409335199889,0.6199803688492647,0.09202505223145876,-1.0791030505183903,2.2150982758012736,-2.9083071891166608,-0.35392434075039036,0.33435434511590606,0.026834367531512273
-1.9518957470705323,0.46849377124731023,0.09342208848273237,-0.40621959643440303,0.5772813472237484,0.08909035889794079,-1.1905228284456886,1.9505640745729427,-2.900238963516946,-0.35349633302894357,0.3310429406027699,0.03138119540340441
-2.6515180396782125,0.956586872017034,-1.157180223260248,-0.37157845826992386,0.5244591570488828,0.0806963541692957,-1.3626893216143539,1.6762349047462257,-2.8214884751706624,-0.3471716896101129,0.3222522310059667,0.03715463834138756
-3.1421449467155265,1.4834838304444948,-2.1952859496643593,-0.3337305628602445,0.4782175452844425,0.07581949349594713,-1.4542500914685115,1.4674337835254652,-2.700662293865357,-0.3376408510405268,0.3130299467062902,0.04215801658098805
-3.2798776234030775,1.9052423240818894,-2.736018258987516,-0.29778949544413685,0.44352796298758757,0.0740761528898262,-2.2674527126878177,1.6244198413089543,-4.168783199071945,-0.24776994426614174,0.2083137373982056,0.05374468923225616
-3.2790183398108748,2.3240866693143727,-3.14449067952503,-0.25705808700369537,0.39336783670983105,0.06564753842432204,-2.1038417522862276,1.7686073209356343,-5.0228495894066745,-0.18660745397238537,0.14485146183091874,0.056059107675369334
-3.0308368552320593,2.496540924285331,-3.0363289183797786,-0.20773586869529267,0.3452203552818005,0.062130003617705785,-2.0623632126387434,1.7446884816843913,-4.986071694527924,-0.1789018165693959,0.13677279054103583,0.052601449137957175
-2.6495449650251515,2.3653368358932343,-2.4652144161181586,-0.15252327065211446,0.29984763394370106,0.06324797714879726,-2.0964347337525804,1.7254538865394489,-4.737732710549288,-0.17662704962696216,0.13395019996354607,0.04854687288393594
-2.2586552569425438,1.9506084902780247,-1.569232992511251,-0.07246319653456945,0.23288738701205203,0.0667323926266984,-2.1286084126855283,1.7439838490839188,-4.331792899448095,-0.1751626166282552,0.13205762508952423,0.043695297573727955
-1.9728800640297555,1.4152091832037965,-0.626709175104081,0.022755726705152468,0.15122269914758069,0.07233113206782658,-2.1493966104530338,1.820509789701965,-3.735003104138174,-0.17787179939449438,0.13495032892329148,0.03974578923643749
-1.849581230063457,1.0925573209395336,-0.07980572125837589,0.11515455935505436,0.06082914022899594,0.07562040662334374,-2.1394440346594936,1.8547020388196862,-3.011941720197761,-0.18421234119113924,0.1412456893138512,0.03735156106486793
-1.8201837539245929,1.1160255392060474,-0.06601617701599383,0.17898475331535613,-0.01874095976120882,0.07537795681925273,-2.10662879565844,1.8391389755411174,-2.335630685013821,-0.1889397496174069,0.14624487996220292,0.03445361583609782
-1.7992262017865408,1.3463554822888109,-0.3929331480279297,0.19985117262849605,-0.07104156600910527,0.07222771264235486,-2.068046851809851,1.848522367881594,-1.8763549032444669,-0.1890134555534605,0.14910886019589215,0.030173533594523908
-1.761703164788627,1.6654942941352657,-0.9390456693120046,0.19095881367155487,-0.09562978341343487,0.06853085809877693,-1.9608441439822464,1.8275967913672322,-1.603962408816599,-0.1875529873366883,0.15173432060386688,0.026685672251361547
-1.7240267289238904,1.9865688506465016,-1.626913656239756,0.165647913531689,-0.09812693542150797,0.06392172779488764,-1.8353507560478817,1.8011310637128595,-1.440071387814555,-0.18600511246337692,0.15420573263480242,0.024950707580871482
-1.7247642953726057,2.2776238423044264,-2.45740722683114,0.11343153027049963,-0.05513973031917607,0.0618046718049116,-1.743259723850709,1.8054738554949201,-1.3535989762199274,-0.18708462256142336,0.1584278328898034,0.024852135861830018
-1.811815856827247,2.4707258597298583,-3.3358562996765593,0.04116841666336435,0.025925873371260955,0.06369067179948458,-1.6929992772118718,1.8586829368783502,-1.349326995218024,-0.19357803997173076,0.16751887291513906,0.026092414731257122
-2.052611218057668,2.7630325205440074,-4.905396587613327,-0.025930626154881287,0.1246829337033748,0.07341582446120783,-1.6823657845868045,1.9498713622717938,-1.4514209979008401,-0.20593926606729063,0.18252334595804387,0.028162253174715216
-2.4631068486963983,2.7207522610060835,-6.116191170196997,-0.08624546205037831,0.19435062468847247,0.07291160888581978,-1.6908524848806576,2.0244418296189166,-1.6640410194718411,-0.22139748799748532,0.2007944115825872,0.030097551101479436
-2.14904534407405,1.9977133285636934,-6.890734918032177,-0.2505101719742771,0.24197018348042887,0.07239570753366789,-1.692961899447205,2.033865790298349,-1.9628336318025141,-0.23729967548471995,0.21912816011357822,0.03183260014351032
-2.614566337984292,1.4152186641735938,-6.7879586314723515,-0.2807110887270672,0.27356478760624137,0.07514064213746198,-1.667955848180577,1.944087617771005,-2.2924636837518673,-0.2515819481102562,0.23543507583455894,0.03336739839862812
-3.135804773506008,0.7998908091173015,-6.761289600988368,-0.3719496192549796,0.3654988403794871,0.07701721384955719,-1.6113599970836268,1.7550045972009662,-2.6189601670747367,-0.2646564126030851,0.25049074348737627,0.034651014045000934
-3.836598915599704,0.11099429893480282,-7.118532757474192,-0.4583994623341622,0.4525821873892112,0.07977445821283931,-1.5429093441017723,1.4992946254392936,-2.9167388161365255,-0.2750910437059548,0.2630176573464549,0.035678454405670156
-4.632653999066037,-0.695184237292793,-7.500298892029928,-0.5127126272842741,0.5073368735999513,0.0822504645868292,-1.4857095468660173,1.2589211966720328,-3.1478748986391016,-0.2839493164894819,0.27342328590171294,0.03666048317269822
-5.5435127587542254,-1.6380169762481902,-7.945372669829815,-0.5677256090844203,0.5626505988723617,0.08458216568938713,-1.4042240855289683,1.0259987444138214,-3.271783959632223,-0.29456878687276983,0.28469414627520245,0.038102390555624935
-4.346777513729929,-1.3371010571584694,-4.912064197892013,-0.6713610889134665,0.666828470952872,0.0890675913015764,-1.2483142399614142,0.6725373519526646,-3.251407327741877,-0.3096626503430201,0.299411141412302,0.04086593806437856
-0.12239279622675646,1.3853746233017439,1.7571630981309443,-0.6473501657561576,0.6528265402750516,0.08963633136143757,-1.1158516028652192,0.3201676296581564,-3.219190962739908,-0.31844210113487575,0.3085410867848617,0.04451007429834679
2.008039475983209,3.104157286494608,4.541507151282355,-0.5562332517971627,0.5603667864568983,0.08309254400668675,-1.0373297949697189,0.06928000092716609,-3.155905044658369,-0.32180332633333963,0.31124623873396023,0.047727567696950246
2.454027548538169,3.6739956320131695,4.945789275220811,-0.4687156172764323,0.460076385242067,0.07230985214157848,-0.9924805852142004,-0.04161183257717065,-3.1033967305247896,-0.32137651884229573,0.31066905421603064,0.048230661782530646
2.2053645222828036,3.657684966283556,4.548767166905401,-0.4067437192105077,0.3840666966741826,0.06227991506216286,-0.9185598463533333,-0.15682474413603226,-3.058534360541551,-0.3191572924616397,0.30740723600086417,0.047604159644810455
1.8030877314884302,3.4478797869905367,4.04335837330072,-0.3628213113061036,0.33215472332968454,0.056455387535466285,-0.8156191899100679,-0.2879933163961395,-3.0404451968028323,-0.3161189443367893,0.30227158599858145,0.046958231921843535
1.3896922401503986,3.1674291704926696,3.575124158798505,-0.3316016082500451,0.29930756188037194,0.054793563275738554,-0.700213846041652,-0.4024803128857555,-3.058340046334087,-0.313102535314195,0.29690083961790237,0.04710457891352937
1.0036189280169694,2.8636752084484294,3.169004620474482,-0.31310221723937065,0.2835098362344377,0.05619033704052867,-0.6312459665273393,-0.5166658626838654,-3.1752283890234567,-0.30950641772616255,0.28692344184693613,0.05010775297524106
0.604698844509581,2.508258365958358,2.766087389275184,-0.3072840720596639,0.2819214519140185,0.05905684020466875,-0.9817301343069116,-0.3989918815294607,-3.462761555523001,-0.2818258962615819,0.2523349402111596,0.06676473695540178
0.1556420064630164,2.0704879764610453,2.314509899996372,-0.31485644602155194,0.2932721019099834,0.06203765068544253,-1.1720523587573481,-0.2799670361668351,-3.4581766526961943,-0.2614237951488779,0.2403146720532163,0.07290657891753047
-0.3558724165275853,1.542332589446458,1.7899229674041368,-0.33790728665279257,0.3192977648764096,0.06469247097853198,-1.2095809549746106,-0.23402552212099056,-3.4382995471655815,-0.25686798466564803,0.24178099142655363,0.07526875414296219
-0.9239763618855549,0.9341385923655655,1.184171400784235,-0.3705874696820433,0.3542056106245064,0.06707329472095994,-1.1330712053425545,-0.2212015754035441,-3.3801995945036474,-0.2649932652233193,0.25253035507090726,0.07453302495878739
-1.536064748251558,0.2637194111160972,0.4889217815910461,-0.4093393881207989,0.3945555165885955,0.06917243399105838,-0.9858635291264565,-0.2252835476005634,-3.3012794469848874,-0.2789812964114876,0.2680847613039137,0.07214159934025502
-2.195133267799393,-0.4678937468474554,-0.335692646022974,-0.45271252707914067,0.43901423803898504,0.07101246026188508,-0.8398317411459838,-0.2374690394911774,-3.238508641967267,-0.2931839859265077,0.2829619204822768,0.06981350918132731
-2.928236553078796,-1.286071214763005,-1.3835458904834552,-0.5021781024154426,0.48915927424675487,0.07270507912745143,-0.7465352036537162,-0.24938817948647377,-3.2144406623000155,-0.30380957604322023,0.2937521533183447,0.06851884111047428
-3.6629916876575925,-2.1054997064253587,-2.6409144023345443,-0.5456515058584301,0.5342186566290856,0.07361411564164351,-0.701978589886632,-0.2773767509682411,-3.230986028564676,-0.31043754263220497,0.3005126975738506,0.06791112560757995
-4.6350603070998515,-3.1842831563988447,-4.618913842907683,-0.5485306028449055,0.536863124967802,0.06657424085484206,-0.687326996592517,-0.3377951233497634,-3.2849152027670296,-0.31391661127432885,0.3040556971590991,0.06755906351205321
-5.3904660115315135,-4.019113800125832,-6.747997213883997,-0.5254732903316827,0.5122362117651578,0.057200545021771944,-0.6807342165931868,-0.4311509347079018,-3.3668958230177544,-0.31491990490688204,0.30491172591237636,0.06701876082349974
-4.644221947029832,-3.19368074043255,-6.212217052312921,-0.4963879843710303,0.48223940154068734,0.05246404563939524,-0.670821283026474,-0.5191722577604336,-3.4468666680119466,-0.31511157351676655,0.3044752461355806,0.06613668754638108
-4.1042423242898645,-2.605230017144056,-5.99389516040409,-0.46826144560600413,0.4534378738610933,0.04928059114667243,-0.6600111217557596,-0.5705214148619202,-3.5040323896254457,-0.31586130433598886,0.30401889576222585,0.06498963776401875
-3.6392096910553366,-2.109063199398078,-5.861764721075174,-0.4398162085901058,0.42442191250466277,0.04670808610895904,-0.6544621513502253,-0.5886226391075524,-3.5390124187468417,-0.31724897895265025,0.3038331337456217,0.06351101281213306
-3.1210150059137365,-1.5618861972153573,-5.364410229815006,-0.3963484693399931,0.38306058539311044,0.0434430351838838,-0.6602753280417111,-0.5975773725539811,-3.5642888358571945,-0.31845887283031127,0.30338680648084465,0.06138898269136787
-2.78829812291627,-1.2369215146074517,-5.3908356332438405,-0.3648541613424582,0.3580829049803716,0.042705564898909754,-0.6871925821818967,-0.6177320103485197,-3.5881212908663005,-0.3185267072675567,0.30205131215306524,0.0583977124470037
-2.447985780929732,-0.9230130130829683,-5.235571932269547,-0.32411414947651607,0.3255635120998629,0.04113897784795736,-0.7338998993222847,-0.6577581246956787,-3.6197843213131544,-0.31698629060021133,0.29939124955815033,0.05405904903636085
-2.174483663182195,-0.7240904216019537,-5.440768792455184,-0.30277763763240656,0.30895027967457955,0.04008867208461222,-0.7763941529587425,-0.7006810883332857,-3.6581192861229392,-0.3146014053842127,0.2962690169680311,0.04895687501354396
