iter,reward,ep_len,value_loss,policy_loss,entropy,kl,clipfrac,grad_norm,sigma,lr,sat,crash_rate,landed,kl_rejected,wall_s,policy
0,-0.36923793894865564,32.0,18.30759149854481,0.08572626738711889,-6.306874814968075,0.053622613347559474,0.4296875,4.447573792019663,0.05000375239315148,1e-07,0.006103515625,0.0,2,0.06194328418808649,0.0,Base
1,-0.08079566207657908,32.0,0.8917727808376843,0.08274233649197062,-6.306876600071422,-0.003087806988961748,0.00390625,1.2590172136469286,0.05000372981895161,1.2e-07,0.0,0.0,96,0.0,12.500762939453125,Base
2,-0.02021042400135773,32.0,0.056240145335558885,0.0609128156860675,-6.306885724997989,-7.902064649018947e-05,0.0,3.0711023626936536,0.05000361455247604,1.44e-07,0.0,0.0,96,0.0,20.975302696228027,Base
3,-0.011855883955870325,32.0,0.024678813097965546,0.06850274057037056,-6.306900903489149,-0.001392034120658147,0.00390625,0.7302099137390436,0.05000342458275579,1.44e-07,0.0,0.0,96,0.0,29.51761555671692,Base
4,-0.010727536152717697,32.0,0.018881705316083984,-0.037956928820452096,-6.306917554554033,-0.0007813091370591618,0.0,1.6195845679771468,0.050003215766947606,1.7279999999999999e-07,0.0,0.0,96,0.0,38.10098910331726,Base
5,-0.010898430612219349,32.0,0.023131854562337996,0.014692514365057592,-6.306927779441966,0.002272552484322364,0.00390625,0.5257312689516203,0.0500030886255804,1.7279999999999999e-07,0.0,0.0,96,0.0,46.62691020965576,Base
6,-0.3290865263217966,32.0,19.54317343746859,-0.03891463104641683,-6.306927909098698,-8.760353553682876e-17,0.0,,0.0500030886255804,1.7279999999999999e-07,0.007080078125,0.0,0,0.0,48.17337989807129,Base
7,-0.12840285933166132,32.0,1.6683357293177272,-0.0373009592024115,-6.306925344601273,-0.0005457479384122412,0.0,1.8712466565944448,0.050003121709910024,1.7279999999999999e-07,0.0,0.0,96,0.0,56.810916900634766,Base
8,-0.02540060630582798,32.0,0.07523485008284736,-0.023489206965825377,-6.306930080179864,-0.00047628359293749,0.00390625,1.3521629842104361,0.050003061457117234,2.0735999999999997e-07,0.0,0.0,96,0.0,65.33105540275574,Base
9,-0.013254747485536717,32.0,0.03014222309865989,0.06166054605504816,-6.306942966853718,-0.0003610037220382386,0.00390625,1.3367083024374395,0.05000289853838144,2.0735999999999997e-07,0.0,0.0,96,0.0,73.8505334854126,Base
10,-0.011915935725420431,32.0,0.032182846325468195,0.04998147779502743,-6.306963819178275,0.0005170266919356566,0.0,4.627019059208146,0.05000263731757928,2.0735999999999997e-07,0.0,0.0,96,0.0,82.32608389854431,Base
11,-0.011072323775814071,32.0,0.022780971329314566,0.012575571792253083,-6.3069692683039165,0.004007162121797091,0.0078125,1.1505331233958584,0.05000256957397077,2.4883199999999993e-07,0.0,0.0,96,0.0,90.81070446968079,Base
12,-0.24516798169066184,32.0,15.147764394900829,0.05669146450703937,-6.306969603535434,0.004707406362095657,0.00390625,,0.050002567437016324,2.985983999999999e-07,0.008544921875,0.0,1,0.0,92.44542598724365,Base
13,-0.19948310935303576,32.0,4.541400479007262,0.012834709088536416,-6.306972297270102,0.00048454758659083243,0.00390625,6.779663190330588,0.050002533338539316,2.985983999999999e-07,0.0,0.0,96,0.0,100.9576723575592,Base
14,-0.03624009040396347,32.0,0.1545686710196642,-0.043956781744740436,-6.306972333727564,0.0024351468816544214,0.0,1.2494780763674844,0.05000253187940039,2.985983999999999e-07,0.0,0.0,96,0.0,109.58487915992737,Base
15,-0.013763587189383926,32.0,0.02554547899482249,-0.041448689724011355,-6.306970105724465,0.00017383826482030105,0.0,1.6351628257893944,0.05000256108796228,3.5831807999999986e-07,0.0,0.0,96,0.0,118.14032816886902,Base
16,-0.011232863593194581,32.0,0.01881609060493585,-0.09942048331451063,-6.306960796414099,-0.001968761779124171,0.0,1.1409129334469619,0.05000268010049792,3.5831807999999986e-07,0.0,0.0,96,0.0,126.64687728881836,Base
17,-0.010611064304987558,32.0,0.024211556853056506,0.12754717764534101,-6.306962623798461,0.0004271967506752211,0.0,1.9683814968830824,0.05000265643225741,3.5831807999999986e-07,0.0,0.0,96,0.0,135.15586709976196,Base
18,-0.1376623804145038,32.0,4.538082355649965,-0.04334057141223159,-6.306961910243428,0.0008035331022150502,0.0078125,,0.05000266370306677,4.299816959999998e-07,0.008544921875,0.0,9,0.0,137.43498706817627,Base
19,-0.2850700596162083,32.0,9.190469957105325,-0.011232755681385312,-6.306963473285945,0.0007745600448717787,0.00390625,8.195575124305515,0.05000264402201022,4.299816959999998e-07,0.0,0.0,96,0.0,145.9532024860382,Base
20,-0.05309288873873773,32.0,0.2814389979054582,-0.08576823923070274,-6.306958824079954,0.00019729060489559642,0.00390625,1.723231160223555,0.05000270518962376,5.159780351999997e-07,0.0,0.0,96,0.0,154.4325065612793,Base
21,-0.01678130237334011,32.0,0.04081669659354887,0.020107633496810877,-6.3069502997228035,0.008205734140417233,0.01171875,3.8669429737447913,0.05000280860714697,5.159780351999997e-07,0.0,0.0,96,0.0,163.0216944217682,Base
22,-0.012589280014601037,32.0,0.024591374922626794,-0.09658233525385043,-6.30699641658887,0.0001810007881992452,0.0,1.6080980928158137,0.05000222611045164,6.191736422399996e-07,0.0,0.0,96,0.0,171.5640046596527,Base
23,-0.011944779883477228,32.0,0.02529010195325078,0.06163786021617973,-6.306989568996272,0.00018856738594178954,0.0,1.3491539134174502,0.050002316128144,6.191736422399996e-07,0.0,0.0,96,0.0,180.13045716285706,Base
24,-0.011331714898217837,32.0,0.027037447650165514,0.015168898816372026,-6.306970530418862,0.005318117677692757,0.00390625,1.5852730458481403,0.05000255778896389,6.191736422399996e-07,0.0,0.0,96,0.0,188.6425323486328,Base
25,-0.38521194499704214,32.0,24.132251951421118,0.10732830665319712,-6.306969812640165,0.0010934506515201453,0.00390625,,0.05000256493327371,6.191736422399996e-07,0.006591796875,0.0,6,0.0,190.6666579246521,Base
26,-0.0833837806597883,32.0,0.5707083256817405,-0.13109354092518094,-6.30697866241117,0.0062289932062522925,0.00390625,2.2651954159011374,0.05000245215961099,6.191736422399996e-07,0.0,0.0,96,0.0,199.1953158378601,Base
27,-0.020027627729742137,32.0,0.052825623827068485,0.00784313520851216,-6.3069865809041925,0.0036769568384673462,0.00390625,2.0123827881954695,0.05000235446671162,6.191736422399996e-07,0.0,0.0,96,0.0,207.7046594619751,Base
28,-0.013316052957745003,32.0,0.028198285178238757,-0.027050896154644108,-6.306982182434069,0.0047846794824202175,0.0078125,1.597492586390806,0.05000241033294372,6.191736422399996e-07,0.0,0.0,96,0.0,216.21895742416382,Base
29,-0.012993536367307214,32.0,0.02614301713283302,-0.020588209243189725,-6.30701022070906,0.0031159582393708862,0.0,0.9223917383761792,0.05000205520514024,7.430083706879995e-07,0.0,0.0,96,0.0,224.74864768981934,Base
0,-0.3858245557543563,32.0,19.408797334981635,-0.01571930952902917,-6.307024501297249,0.05394699075662586,0.22265625,5.433620675004549,0.05000188089333671,1e-07,0.006591796875,0.0,11,0.08131970918621018,0.0,Robust
1,-0.13345401982423089,32.0,2.7077847050614565,0.1267533291564479,-6.307027271168366,0.0006778222042210687,0.0,5.1788026380405885,0.050001846445738504,1e-07,0.0,0.0,96,0.0,12.302518606185913,Robust
2,-0.100581579744209,32.0,1.6903199655651273,0.09699640398890007,-6.307034150433799,0.0007787185404172902,0.0,4.981901564359867,0.05000175965059274,1e-07,0.0,0.0,96,0.0,20.797154188156128,Robust
3,-0.10181876012576067,32.0,1.4805082920536936,-0.01416330200601634,-6.307031656811539,0.00026561914152353587,0.0,2.9064221012077764,0.05000179207716359,1e-07,0.0,0.0,96,0.0,29.275478839874268,Robust
4,-0.1022110018859585,32.0,1.5009369360114504,-0.017694075580733007,-6.307034924651203,-0.0009931502409396406,0.0,3.189579797103937,0.050001749913318905,1.2e-07,0.0,0.0,96,0.0,37.75233006477356,Robust
5,-0.10547628477656593,32.0,1.4681801798950027,-0.08100062461246577,-6.307039732008169,-0.00018942768353711822,0.0,2.698886447614609,0.05000168984899413,1.2e-07,0.0,0.0,96,0.0,46.337441205978394,Robust
6,-0.37037410710686514,32.0,21.567196869361467,-0.014267291511340586,-6.30704005509606,1.7637469076518114e-05,0.0,,0.05000168644877887,1.44e-07,0.004150390625,0.0,7,0.0,48.42514944076538,Robust
7,-0.19120559429880152,32.0,4.106683083698197,-0.04237037656107156,-6.307037797144339,-0.0021604449527310287,0.0,11.761741995793553,0.05000171493482784,1.44e-07,0.0,0.0,96,0.0,57.0095272064209,Robust
8,-0.10921644651771972,32.0,1.5207941386994612,-0.08835010383156058,-6.307039668529516,-0.0011134278294549493,0.0078125,9.249336021873377,0.0500016908426543,1.7279999999999999e-07,0.0,0.0,96,0.0,65.63351726531982,Robust
9,-0.10250811191951602,32.0,1.7195538384014375,0.03248726124611533,-6.307040584441592,-0.0002661910229660707,0.0,8.859036728092152,0.05000167958633725,1.7279999999999999e-07,0.0,0.0,96,0.0,74.15865325927734,Robust
10,-0.10355491923555879,32.0,1.4871250719700482,-0.06804337668668411,-6.307044717593622,-0.004984802561030905,0.00390625,4.363192124346818,0.0500016282821322,1.7279999999999999e-07,0.0,0.0,96,0.0,82.79826307296753,Robust
11,-0.10457939570255209,32.0,1.5889234333450113,-0.0403325631562664,-6.307044848332948,0.0001225002500121813,0.0,2.4326087487044776,0.05000162610578937,2.0735999999999997e-07,0.0,0.0,96,0.0,91.28793454170227,Robust
12,-0.2965898785621571,32.0,17.651172167060796,0.07898550218274736,-6.307044877076471,1.952409304633619e-05,0.0,,0.05000162621156313,2.4883199999999993e-07,0.00927734375,0.0,3,0.0,93.06582975387573,Robust
13,-0.23443945933569432,32.0,7.3913820747510535,0.06934163763946291,-6.307047288835091,-0.0004318811918692248,0.0,7.671031789305248,0.05000159608514852,2.4883199999999993e-07,0.0,0.0,96,0.0,101.56244564056396,Robust
14,-0.10724788471381809,32.0,1.7266306553146893,-0.007166452705137105,-6.307037001330116,-0.001983156311812566,0.00390625,5.765320401484968,0.05000172635271571,2.4883199999999993e-07,0.0,0.0,96,0.0,110.07792973518372,Robust
15,-0.0989465621217117,32.0,1.5970803137997405,-0.01341761859325541,-6.307040769967319,0.0009907312498059822,0.0,4.077035302257668,0.0500016765433656,2.985983999999999e-07,0.0,0.0,96,0.0,118.66930794715881,Robust
16,-0.09889451955794891,32.0,1.397354527559753,-0.025206285555260978,-6.307040337329937,0.005177932784583287,0.0078125,5.517907978153846,0.05000168107742404,2.985983999999999e-07,0.0,0.0,96,0.0,127.22958111763,Robust
17,-0.1002473484168768,32.0,1.4958242851730414,0.04034419687372907,-6.307018922918583,-0.003808058827754245,0.00390625,2.892215184302329,0.050001956294195564,2.985983999999999e-07,0.0,0.0,96,0.0,135.81839895248413,Robust
18,-0.21252903083596114,32.0,8.040387060524399,0.032843166107667396,-6.307017200018743,-4.0752066166525186e-05,0.0,,0.05000197218022179,3.5831807999999986e-07,0.007080078125,0.0,5,0.0,137.72619795799255,Robust
19,-0.32407349635374894,32.0,12.889459278665392,-0.005334605215226818,-6.307020459382002,0.004461717018639878,0.015625,9.763276818078552,0.050001930916145035,3.5831807999999986e-07,0.000244140625,0.0,96,0.0,146.22698593139648,Robust
20,-0.11749087223898622,32.0,1.5285260962799114,-0.11225880412565337,-6.307030515562415,0.0008680770314616138,0.0,8.991683469461396,0.050001804580069885,3.5831807999999986e-07,0.0,0.0,96,0.0,154.77211737632751,Robust
21,-0.10025512236186065,32.0,1.4446411135011585,-0.00642243832503675,-6.307044910074893,0.012231251414004036,0.00390625,7.9108295383811695,0.05000162418389962,3.5831807999999986e-07,0.0,0.0,96,0.0,163.38591742515564,Robust
22,-0.10308205073845397,32.0,1.4076289893658047,-0.06213274509240201,-6.307031341108395,0.001419071024490173,0.00390625,7.044993500241765,0.05000179648816923,3.5831807999999986e-07,0.000244140625,0.0,96,0.0,171.9945147037506,Robust
23,-0.10826913147513977,32.0,1.7231405803566968,-0.03741093503796572,-6.307029662071154,-0.0050474046100299885,0.0078125,4.06092261256518,0.05000181777694806,3.5831807999999986e-07,0.0,0.0,96,0.0,180.52573418617249,Robust
24,-0.11302402492793137,32.0,2.0254449813988407,-0.013422456539877777,-6.307045581408117,0.0005226900428473282,0.00390625,3.37019768572026,0.050001614457396204,3.5831807999999986e-07,0.0,0.0,96,0.0,189.07168126106262,Robust
25,-0.4132671488799122,32.0,24.103496488872544,0.0932066345120609,-6.307046023997163,-1.4593276922318654e-05,0.0,,0.050001611866821866,4.299816959999998e-07,0.007080078125,0.0,1,0.0,190.69493293762207,Robust
26,-0.1438925812601195,32.0,2.097926129958714,-0.11471796075998918,-6.307065636559821,-0.002520283053028494,0.0,5.8455287915198175,0.050001365022734515,4.299816959999998e-07,0.0,0.0,96,0.0,199.283518075943,Robust
27,-0.10278342280400488,32.0,1.4247223862608616,-0.024426893339704124,-6.30707600208973,0.004692801818603721,0.0078125,4.034655235177,0.050001237289551734,4.299816959999998e-07,0.0,0.0,96,0.0,207.81607675552368,Robust
28,-0.10075124578437673,32.0,1.430997922304679,0.010738925427307762,-6.307062434438023,0.0008564034328251546,0.0,6.35773814907008,0.05000140900431352,4.299816959999998e-07,0.0,0.0,96,0.0,216.38227224349976,Robust
29,-0.10254093693621644,32.0,1.7829396530164168,0.043842470670128066,-6.306994924707272,0.0007569876582450372,0.00390625,3.198495905900494,0.050002259964688635,4.299816959999998e-07,0.0,0.0,96,0.0,224.98390197753906,Robust
0,-0.3876458259041183,32.0,20.190547317997847,0.054019127467103994,-6.306988125841851,0.06819751721156325,0.234375,9.534250603318716,0.05000233570968457,1e-07,0.006591796875,0.0,5,0.09288428881824091,0.0,Oracle
1,-0.13334401107348917,32.0,2.6633465209759177,0.11585104232170429,-6.306989908992972,-0.0010759244973894992,0.00390625,6.938105196763895,0.05000231363615746,1e-07,0.0,0.0,96,0.0,12.60829758644104,Oracle
2,-0.09739358159921363,32.0,1.5365114687375003,0.08613975128204063,-6.306996545878376,0.00043366475349903254,0.0,5.24849289664809,0.05000222981849861,1.2e-07,0.0,0.0,96,0.0,21.235387325286865,Oracle
3,-0.09773237745939609,32.0,1.306309873962081,-0.02895477480309853,-6.306995039462406,-0.000955140239974752,0.0,2.215612211177355,0.050002250009029386,1.2e-07,0.0,0.0,96,0.0,29.879483461380005,Oracle
4,-0.09830585057099922,32.0,1.3616267095761336,-0.019138334792863067,-6.306998626270643,0.00041186167863054967,0.0,4.013199863843287,0.050002203885600165,1.44e-07,0.0,0.0,96,0.0,38.52960276603699,Oracle
5,-0.10143404207557385,32.0,1.2890281457551103,-0.0834867354469849,-6.307004227463381,0.004201426972049758,0.00390625,2.017171423268704,0.05000213360350049,1.7279999999999999e-07,0.0,0.0,96,0.0,47.26115322113037,Oracle
6,-0.3704254496166458,32.0,27.17708985152429,0.10493589070721432,-6.307004967460923,1.4167002358746704e-05,0.00390625,,0.050002125156023966,2.0735999999999997e-07,0.00390625,0.0,20,0.0,50.30847215652466,Oracle
7,-0.19317693167314143,32.0,5.129211958189393,0.08426527171606746,-6.307001937427131,0.004294388494897487,0.00390625,9.927354218012544,0.05000216374755221,2.0735999999999997e-07,0.0,0.0,96,0.0,58.93965768814087,Oracle
8,-0.10929415147195413,32.0,1.7227417535065566,0.028004894201129775,-6.307004486217304,0.0019157420003659553,0.00390625,7.507404219133524,0.050002130808566664,2.0735999999999997e-07,0.0,0.0,96,0.0,67.65835785865784,Oracle
9,-0.10123649337541432,32.0,1.4829243294540442,-0.011474810647084926,-6.307007403254731,0.0008399030502253659,0.0,4.996025774923169,0.050002093973506495,2.0735999999999997e-07,0.0,0.0,96,0.0,76.32235622406006,Oracle
10,-0.10158895761411646,32.0,1.2698513497404689,-0.11585061620976726,-6.307007257647628,-0.00039879176819258844,0.0,2.449323546062652,0.05000209660842826,2.0735999999999997e-07,0.0,0.0,96,0.0,85.01198172569275,Oracle
11,-0.10230238769610106,32.0,1.5717978351635111,0.028207503297184716,-6.3070123911484135,-4.931764424617735e-05,0.0,3.5370383870756306,0.050002030430557565,2.4883199999999993e-07,0.0,0.0,96,0.0,93.74104332923889,Oracle
12,-0.2955976122608013,32.0,16.280369836824352,-0.01385831890539388,-6.307013211974821,-0.00048519464692985386,0.0,,0.050002022136434295,2.985983999999999e-07,0.009521484375,0.0,5,0.0,95.69512367248535,Oracle
13,-0.23411980041920516,32.0,5.704717317346154,-0.04975887345439532,-6.3070152234630275,0.002456805316052557,0.0,6.020438705184709,0.05000199740026913,2.985983999999999e-07,0.0,0.0,96,0.0,104.37206220626831,Oracle
14,-0.10555497322334076,32.0,1.4267782306824432,-0.08332007895396151,-6.307008610011493,-0.00014526689566544612,0.0,2.9858494972111944,0.05000207998202995,2.985983999999999e-07,0.0,0.0,96,0.0,113.16360306739807,Oracle
15,-0.09631889508650027,32.0,1.418477412647182,0.02003636755318105,-6.3070104940081055,-0.005016581860491412,0.0078125,3.2591689434170927,0.05000205558243746,3.5831807999999986e-07,0.0,0.0,96,0.0,121.90850615501404,Oracle
16,-0.09595776657376665,32.0,1.4020500847519626,0.0012352336792126155,-6.307022122619845,0.000813584610932761,0.0,2.8639895184968216,0.050001910565478355,3.5831807999999986e-07,0.0,0.0,96,0.0,130.50123190879822,Oracle
17,-0.09662920325857458,32.0,1.240417835834975,-0.008313728835480177,-6.307000703386352,0.0002735513168165256,0.0,8.280117418202659,0.05000218052601467,3.5831807999999986e-07,0.0,0.0,96,0.0,139.12508893013,Oracle
18,-0.20944008974565176,32.0,7.479690838895573,-0.0025274641791110733,-6.307000106709715,-6.392494035814718e-05,0.0,,0.05000218592919464,4.299816959999998e-07,0.006591796875,0.0,3,0.0,140.93689036369324,Oracle
19,-0.3245027068204709,32.0,12.265314397108732,-0.02290928365803351,-6.307003763156916,0.0007657018036888678,0.0,12.54669387079282,0.05000214040979918,4.299816959999998e-07,0.0,0.0,96,0.0,149.57020807266235,Oracle
20,-0.11695303938106197,32.0,1.6375787496554177,-0.02605129788719661,-6.307013097777116,0.011440867715072713,0.0078125,5.5354249870642285,0.05000202283795969,4.299816959999998e-07,0.0,0.0,96,0.0,158.20580673217773,Oracle
21,-0.0988128937679219,32.0,1.3343896204227796,-0.0013200431503003623,-6.307022822782413,-0.008141789162442419,0.015625,5.044234284124474,0.050001900165963814,4.299816959999998e-07,0.0,0.0,96,0.0,166.91618132591248,Oracle
22,-0.10077662341806277,32.0,1.5522132285581507,0.06451077833526395,-6.3070022599194004,0.019388948134376104,0.0078125,4.633917931420042,0.05000216328449696,4.299816959999998e-07,0.000244140625,0.0,96,0.0,175.53606367111206,Oracle
23,-0.1050442178149245,32.0,1.6556781397375429,0.010045648117010107,-6.306996633962306,0.0125699250675547,0.00390625,6.162266196580785,0.050002231748073146,4.299816959999998e-07,0.0,0.0,96,0.0,184.21728682518005,Oracle
24,-0.109007721219337,32.0,1.5848336551707423,-0.10656143224413206,-6.307024267221328,0.00120023270036975,0.0078125,4.393038509439635,0.050001880524550846,4.299816959999998e-07,0.0,0.0,96,0.0,192.92460584640503,Oracle
25,-0.41384761096479333,32.0,20.14494578162714,-0.06496086256209625,-6.307024770012198,0.00012574451365614768,0.0,,0.05000187762355062,5.159780351999997e-07,0.008056640625,0.0,1,0.0,194.56452059745789,Oracle
26,-0.14552994160421875,32.0,2.5489936910967925,0.006579519122433385,-6.307051460293466,-0.0016264425886129037,0.00390625,7.893920864696815,0.05000154071939078,5.159780351999997e-07,0.0,0.0,96,0.0,203.2175977230072,Oracle
27,-0.10436871673254802,32.0,1.4056448530403154,-0.046716423212716116,-6.307067471188718,-0.005948789426845089,0.01171875,7.893804907569503,0.05000134172243008,5.159780351999997e-07,0.0,0.0,96,0.0,211.939195394516,Oracle
28,-0.10139486258101828,32.0,1.6096943725120383,0.08340597495291291,-6.307061706566643,-0.005075289495059624,0.01171875,3.509779833566327,0.050001415725637266,5.159780351999997e-07,0.0,0.0,96,0.0,220.62487983703613,Oracle
29,-0.10282243238158399,32.0,1.5906057151810797,-0.024079493374135258,-6.3070245083396355,-0.001047809041120105,0.0078125,3.3042521788956125,0.050001882323300786,1e-07,0.0,0.0,94,0.07096109849488874,229.8749556541443,Oracle
