path,axis,level,ctrl,rmse,sat,crash,bound_frac
fig8,m,0.55,LQR,0.16384869842020197,0.0,0.0,0.0
fig8,m,0.55,NMPC N=1,0.1072808537558477,0.0,0.0,0.0
fig8,m,0.7,LQR,0.1455231477983028,0.0,0.0,0.0
fig8,m,0.7,NMPC N=1,0.07031530790325666,0.0,0.0,0.0
fig8,m,0.85,LQR,0.13311523196674646,0.0,0.0,0.0
fig8,m,0.85,NMPC N=1,0.04298480563745409,0.0,0.0,0.0
fig8,m,1.0,LQR,0.12671633552956907,0.0,0.0,0.0
fig8,m,1.0,NMPC N=1,0.033119027805148395,0.0,0.0,0.0
fig8,m,1.2,LQR,0.2491764968061024,0.12735849056603774,0.0,0.0
fig8,m,1.2,NMPC N=1,0.6278728244435346,0.35377358490566035,0.0023584905660377358,0.0047169811320754715
fig8,m,1.45,LQR,0.7551523425400325,0.9457547169811321,0.0023584905660377358,0.0023584905660377358
fig8,m,1.45,NMPC N=1,0.6435367531565285,0.6438679245283019,0.0047169811320754715,0.02122641509433962
fig8,m,1.75,LQR,0.9850256407803677,0.9481132075471698,0.018867924528301886,0.018867924528301886
fig8,m,1.75,NMPC N=1,1.0351246206459934,0.8113207547169812,0.01650943396226415,0.03773584905660377
fig8,m,2.1,LQR,0.9687529605010555,0.9811320754716981,0.018867924528301886,0.018867924528301886
fig8,m,2.1,NMPC N=1,0.8977641033317908,0.8419811320754716,0.02358490566037736,0.054245283018867926
fig8,J,0.4,LQR,0.1301807494573968,0.0,0.0,0.0
fig8,J,0.4,NMPC N=1,0.029644874837694863,0.0,0.0,0.0
fig8,J,0.6,LQR,0.13003792054643978,0.0,0.0,0.0
fig8,J,0.6,NMPC N=1,0.030074446639365385,0.0,0.0,0.0
fig8,J,0.8,LQR,0.1284041676500313,0.0,0.0,0.0
fig8,J,0.8,NMPC N=1,0.030707926037116112,0.0,0.0,0.0
fig8,J,1.0,LQR,0.12671633552956907,0.0,0.0,0.0
fig8,J,1.0,NMPC N=1,0.033119027805148395,0.0,0.0,0.0
fig8,J,1.3,LQR,0.13434570450002845,0.0,0.0,0.0
fig8,J,1.3,NMPC N=1,0.4448277503232374,0.09905660377358491,0.0,0.0
fig8,J,1.7,LQR,0.2783428400562311,0.07075471698113207,0.0,0.0
fig8,J,1.7,NMPC N=1,1.0862480728237687,0.4339622641509434,0.014150943396226415,0.014150943396226415
fig8,J,2.2,LQR,0.7290816204168308,0.29009433962264153,0.0,0.0
fig8,J,2.2,NMPC N=1,0.6615725557381366,0.21462264150943397,0.009433962264150943,0.018867924528301886
fig8,J,2.8,LQR,0.9634990260266181,0.5613207547169812,0.0,0.0023584905660377358
fig8,J,2.8,NMPC N=1,0.5319643498977479,0.29952830188679247,0.007075471698113208,0.02122641509433962
