path,Q_pos,R_rate,ctrl,rmse,sat,crash,stabilising
circle,0.2,0.02,LQR,0.6092400117112486,0.2783018867924528,0.0,True
circle,0.2,0.02,NMPC N=1,0.3967954179904362,0.28773584905660377,0.0047169811320754715,True
circle,0.2,0.05,LQR,0.5095813779517503,0.18867924528301888,0.0,True
circle,0.2,0.05,NMPC N=1,0.28965664435302935,0.25943396226415094,0.0,True
circle,0.2,0.2,LQR,0.3766472454456701,0.0,0.0,True
circle,0.2,0.2,NMPC N=1,0.13938444232825903,0.125,0.0,True
circle,0.2,1.0,LQR,0.3791721301026059,0.0,0.0,True
circle,0.2,1.0,NMPC N=1,0.13211059895930938,0.04716981132075472,0.0,True
circle,0.2,5.0,LQR,0.38295113833993905,0.0,0.0,True
circle,0.2,5.0,NMPC N=1,0.13045785482148198,0.0,0.0,True
circle,0.2,20.0,LQR,0.3878125654788138,0.0,0.0,True
circle,0.2,20.0,NMPC N=1,0.1133145092997509,0.0,0.0,True
circle,0.2,50.0,LQR,0.39268467389126477,0.0,0.0,True
circle,0.2,50.0,NMPC N=1,0.1483953297714634,0.0,0.0,True
circle,0.5,0.02,LQR,0.7208287921139799,0.43160377358490565,0.0,True
circle,0.5,0.02,NMPC N=1,0.3967954179904362,0.28773584905660377,0.0047169811320754715,True
circle,0.5,0.05,LQR,0.45501564371541003,0.14386792452830188,0.0,True
circle,0.5,0.05,NMPC N=1,0.28965664435302935,0.25943396226415094,0.0,True
circle,0.5,0.2,LQR,0.3351735415214805,0.04245283018867924,0.0,True
circle,0.5,0.2,NMPC N=1,0.13938444232825903,0.125,0.0,True
circle,0.5,1.0,LQR,0.3346067301089071,0.0,0.0,True
circle,0.5,1.0,NMPC N=1,0.13211059895930938,0.04716981132075472,0.0,True
circle,0.5,5.0,LQR,0.3389144396655697,0.0,0.0,True
circle,0.5,5.0,NMPC N=1,0.13045785482148198,0.0,0.0,True
circle,0.5,20.0,LQR,0.34532209544739334,0.0,0.0,True
circle,0.5,20.0,NMPC N=1,0.1133145092997509,0.0,0.0,True
circle,0.5,50.0,LQR,0.3517299343840621,0.0,0.0,True
circle,0.5,50.0,NMPC N=1,0.1483953297714634,0.0,0.0,True
circle,1.0,0.02,LQR,0.6635978894577564,0.5283018867924528,0.0023584905660377358,True
circle,1.0,0.02,NMPC N=1,0.3967954179904362,0.28773584905660377,0.0047169811320754715,True
circle,1.0,0.05,LQR,0.5554745214595453,0.38207547169811323,0.0,True
circle,1.0,0.05,NMPC N=1,0.28965664435302935,0.25943396226415094,0.0,True
circle,1.0,0.2,LQR,0.30242928519245477,0.08962264150943396,0.0,True
circle,1.0,0.2,NMPC N=1,0.13938444232825903,0.125,0.0,True
circle,1.0,1.0,LQR,0.2916384419098512,0.0,0.0,True
circle,1.0,1.0,NMPC N=1,0.13211059895930938,0.04716981132075472,0.0,True
circle,1.0,5.0,LQR,0.29691797680644516,0.0,0.0,True
circle,1.0,5.0,NMPC N=1,0.13045785482148198,0.0,0.0,True
circle,1.0,20.0,LQR,0.3045128030000495,0.0,0.0,True
circle,1.0,20.0,NMPC N=1,0.1133145092997509,0.0,0.0,True
circle,1.0,50.0,LQR,0.31228109004470306,0.0,0.0,True
circle,1.0,50.0,NMPC N=1,0.1483953297714634,0.0,0.0,True
circle,2.0,0.02,LQR,0.6803731114804646,0.5825471698113207,0.0,True
circle,2.0,0.02,NMPC N=1,0.3967954179904362,0.28773584905660377,0.0047169811320754715,True
circle,2.0,0.05,LQR,0.4488503903469076,0.4009433962264151,0.0023584905660377358,True
circle,2.0,0.05,NMPC N=1,0.28965664435302935,0.25943396226415094,0.0,True
circle,2.0,0.2,LQR,0.28883132406444584,0.07075471698113207,0.0,True
circle,2.0,0.2,NMPC N=1,0.13938444232825903,0.125,0.0,True
circle,2.0,1.0,LQR,0.24154095533842207,0.0,0.0,True
circle,2.0,1.0,NMPC N=1,0.13211059895930938,0.04716981132075472,0.0,True
circle,2.0,5.0,LQR,0.24827669082618195,0.0,0.0,True
circle,2.0,5.0,NMPC N=1,0.13045785482148198,0.0,0.0,True
circle,2.0,20.0,LQR,0.25728387521346646,0.0,0.0,True
circle,2.0,20.0,NMPC N=1,0.1133145092997509,0.0,0.0,True
circle,2.0,50.0,LQR,0.2664801343711519,0.0,0.0,True
circle,2.0,50.0,NMPC N=1,0.1483953297714634,0.0,0.0,True
circle,5.0,0.02,LQR,1.1038592830778953,0.7452830188679245,0.0,True
circle,5.0,0.02,NMPC N=1,0.3967954179904362,0.28773584905660377,0.0047169811320754715,True
circle,5.0,0.05,LQR,0.9150673837765658,0.6910377358490566,0.0047169811320754715,True
circle,5.0,0.05,NMPC N=1,0.28965664435302935,0.25943396226415094,0.0,True
circle,5.0,0.2,LQR,0.4092421017306504,0.3089622641509434,0.0,True
circle,5.0,0.2,NMPC N=1,0.13938444232825903,0.125,0.0,True
circle,5.0,1.0,LQR,0.17613650974197562,0.014150943396226415,0.0,True
circle,5.0,1.0,NMPC N=1,0.13211059895930938,0.04716981132075472,0.0,True
circle,5.0,5.0,LQR,0.17901609428322376,0.0,0.0,True
circle,5.0,5.0,NMPC N=1,0.13045785482148198,0.0,0.0,True
circle,5.0,20.0,LQR,0.18926536027119406,0.0,0.0,True
circle,5.0,20.0,NMPC N=1,0.1133145092997509,0.0,0.0,True
circle,5.0,50.0,LQR,0.20017876496340864,0.0,0.0,True
circle,5.0,50.0,NMPC N=1,0.1483953297714634,0.0,0.0,True
circle,10.0,0.02,LQR,1.3019385440379385,0.8066037735849056,0.009433962264150943,True
circle,10.0,0.02,NMPC N=1,0.3967954179904362,0.28773584905660377,0.0047169811320754715,True
circle,10.0,0.05,LQR,1.175160139629619,0.8042452830188679,0.0047169811320754715,True
circle,10.0,0.05,NMPC N=1,0.28965664435302935,0.25943396226415094,0.0,True
circle,10.0,0.2,LQR,0.874601572696422,0.6226415094339622,0.0,True
circle,10.0,0.2,NMPC N=1,0.13938444232825903,0.125,0.0,True
circle,10.0,1.0,LQR,0.21865213609866485,0.08962264150943396,0.0,True
circle,10.0,1.0,NMPC N=1,0.13211059895930938,0.04716981132075472,0.0,True
circle,10.0,5.0,LQR,0.1274555785457806,0.0,0.0,True
circle,10.0,5.0,NMPC N=1,0.13045785482148198,0.0,0.0,True
circle,10.0,20.0,LQR,0.1390791358017579,0.0,0.0,True
circle,10.0,20.0,NMPC N=1,0.1133145092997509,0.0,0.0,True
circle,10.0,50.0,LQR,0.15090672538437638,0.0,0.0,True
circle,10.0,50.0,NMPC N=1,0.1483953297714634,0.0,0.0,True
circle,25.0,0.02,LQR,1.184404365606804,0.7358490566037735,0.007075471698113208,True
circle,25.0,0.02,NMPC N=1,0.3967954179904362,0.28773584905660377,0.0047169811320754715,True
circle,25.0,0.05,LQR,1.1834452564228612,0.7075471698113207,0.01179245283018868,True
circle,25.0,0.05,NMPC N=1,0.28965664435302935,0.25943396226415094,0.0,True
circle,25.0,0.2,LQR,1.160427138993275,0.8372641509433962,0.007075471698113208,True
circle,25.0,0.2,NMPC N=1,0.13938444232825903,0.125,0.0,True
circle,25.0,1.0,LQR,0.927176278200437,0.6226415094339622,0.0,True
circle,25.0,1.0,NMPC N=1,0.13211059895930938,0.04716981132075472,0.0,True
circle,25.0,5.0,LQR,0.07470516987850702,0.0,0.0,True
circle,25.0,5.0,NMPC N=1,0.13045785482148198,0.0,0.0,True
circle,25.0,20.0,LQR,0.08418855783128332,0.0,0.0,True
circle,25.0,20.0,NMPC N=1,0.1133145092997509,0.0,0.0,True
circle,25.0,50.0,LQR,0.0945136868935584,0.0,0.0,True
circle,25.0,50.0,NMPC N=1,0.1483953297714634,0.0,0.0,True
fig8,0.2,0.02,LQR,0.6447534502422132,0.3089622641509434,0.0,True
fig8,0.2,0.02,NMPC N=1,0.6429646088857403,0.3915094339622642,0.0047169811320754715,True
fig8,0.2,0.05,LQR,0.5122426595609099,0.30660377358490565,0.0,True
fig8,0.2,0.05,NMPC N=1,0.496656476316298,0.3278301886792453,0.0023584905660377358,True
fig8,0.2,0.2,LQR,0.3852996001483414,0.0589622641509434,0.0,True
fig8,0.2,0.2,NMPC N=1,0.1971578106151079,0.1957547169811321,0.0,True
fig8,0.2,1.0,LQR,0.3823680083833958,0.0,0.0,True
fig8,0.2,1.0,NMPC N=1,0.13356821511820996,0.06367924528301887,0.0,True
fig8,0.2,5.0,LQR,0.38820640893937114,0.0,0.0,True
fig8,0.2,5.0,NMPC N=1,0.13542144523313812,0.0,0.0,True
fig8,0.2,20.0,LQR,0.3945744384104173,0.0,0.0,True
fig8,0.2,20.0,NMPC N=1,0.11916024858069521,0.0,0.0,True
fig8,0.2,50.0,LQR,0.40060123651257773,0.0,0.0,True
fig8,0.2,50.0,NMPC N=1,0.18380978594700198,0.0,0.0,True
fig8,0.5,0.02,LQR,0.6440219838530485,0.41037735849056606,0.0023584905660377358,True
fig8,0.5,0.02,NMPC N=1,0.6429646088857403,0.3915094339622642,0.0047169811320754715,True
fig8,0.5,0.05,LQR,0.3920025354951851,0.25707547169811323,0.0,True
fig8,0.5,0.05,NMPC N=1,0.496656476316298,0.3278301886792453,0.0023584905660377358,True
fig8,0.5,0.2,LQR,0.358895989198654,0.030660377358490566,0.0,True
fig8,0.5,0.2,NMPC N=1,0.1971578106151079,0.1957547169811321,0.0,True
fig8,0.5,1.0,LQR,0.3370129582473097,0.0,0.0,True
fig8,0.5,1.0,NMPC N=1,0.13356821511820996,0.06367924528301887,0.0,True
fig8,0.5,5.0,LQR,0.34384897006464166,0.0,0.0,True
fig8,0.5,5.0,NMPC N=1,0.13542144523313812,0.0,0.0,True
fig8,0.5,20.0,LQR,0.3517438184241327,0.0,0.0,True
fig8,0.5,20.0,NMPC N=1,0.11916024858069521,0.0,0.0,True
fig8,0.5,50.0,LQR,0.3593170851710938,0.0,0.0,True
fig8,0.5,50.0,NMPC N=1,0.18380978594700198,0.0,0.0,True
fig8,1.0,0.02,LQR,0.6759465776630924,0.5306603773584906,0.0023584905660377358,True
fig8,1.0,0.02,NMPC N=1,0.6429646088857403,0.3915094339622642,0.0047169811320754715,True
fig8,1.0,0.05,LQR,0.6435765665536862,0.419811320754717,0.0,True
fig8,1.0,0.05,NMPC N=1,0.496656476316298,0.3278301886792453,0.0023584905660377358,True
fig8,1.0,0.2,LQR,0.3554168246471643,0.11320754716981132,0.0,True
fig8,1.0,0.2,NMPC N=1,0.1971578106151079,0.1957547169811321,0.0,True
fig8,1.0,1.0,LQR,0.2945665809934327,0.0,0.0,True
fig8,1.0,1.0,NMPC N=1,0.13356821511820996,0.06367924528301887,0.0,True
fig8,1.0,5.0,LQR,0.30154125016906447,0.0,0.0,True
fig8,1.0,5.0,NMPC N=1,0.13542144546817048,0.0,0.0,True
fig8,1.0,20.0,LQR,0.31057999122124286,0.0,0.0,True
fig8,1.0,20.0,NMPC N=1,0.11916024858069521,0.0,0.0,True
fig8,1.0,50.0,LQR,0.3195114672203772,0.0,0.0,True
fig8,1.0,50.0,NMPC N=1,0.18380978594700198,0.0,0.0,True
fig8,2.0,0.02,LQR,1.0267621374567726,0.6910377358490566,0.0023584905660377358,True
fig8,2.0,0.02,NMPC N=1,0.6429646088857403,0.3915094339622642,0.0047169811320754715,True
fig8,2.0,0.05,LQR,0.7736947869853913,0.4716981132075472,0.0023584905660377358,True
fig8,2.0,0.05,NMPC N=1,0.496656476316298,0.3278301886792453,0.0023584905660377358,True
fig8,2.0,0.2,LQR,0.2944163128536574,0.16745283018867924,0.0,True
fig8,2.0,0.2,NMPC N=1,0.1971578106151079,0.1957547169811321,0.0,True
fig8,2.0,1.0,LQR,0.2436185896279303,0.0,0.0,True
fig8,2.0,1.0,NMPC N=1,0.13356821511820996,0.06367924528301887,0.0,True
fig8,2.0,5.0,LQR,0.2524863693042579,0.0,0.0,True
fig8,2.0,5.0,NMPC N=1,0.13542144546817048,0.0,0.0,True
fig8,2.0,20.0,LQR,0.26284691749884265,0.0,0.0,True
fig8,2.0,20.0,NMPC N=1,0.11916024858069521,0.0,0.0,True
fig8,2.0,50.0,LQR,0.27318346711023467,0.0,0.0,True
fig8,2.0,50.0,NMPC N=1,0.18380978594700198,0.0,0.0,True
fig8,5.0,0.02,LQR,0.9846152366547044,0.7877358490566038,0.007075471698113208,True
fig8,5.0,0.02,NMPC N=1,0.6429646088857403,0.3915094339622642,0.0047169811320754715,True
fig8,5.0,0.05,LQR,0.8893961819061154,0.6674528301886793,0.009433962264150943,True
fig8,5.0,0.05,NMPC N=1,0.496656476316298,0.3278301886792453,0.0023584905660377358,True
fig8,5.0,0.2,LQR,0.7723785960203242,0.45047169811320753,0.0,True
fig8,5.0,0.2,NMPC N=1,0.1971578106151079,0.1957547169811321,0.0,True
fig8,5.0,1.0,LQR,0.18197242494627835,0.014150943396226415,0.0,True
fig8,5.0,1.0,NMPC N=1,0.13356821511820996,0.06367924528301887,0.0,True
fig8,5.0,5.0,LQR,0.18135123320116872,0.0,0.0,True
fig8,5.0,5.0,NMPC N=1,0.13542144523313812,0.0,0.0,True
fig8,5.0,20.0,LQR,0.19400619876771596,0.0,0.0,True
fig8,5.0,20.0,NMPC N=1,0.11916024858069521,0.0,0.0,True
fig8,5.0,50.0,LQR,0.2060221745644468,0.0,0.0,True
fig8,5.0,50.0,NMPC N=1,0.18380978594700198,0.0,0.0,True
fig8,10.0,0.02,LQR,1.3903283760101361,0.7382075471698113,0.01179245283018868,True
fig8,10.0,0.02,NMPC N=1,0.6429646088857403,0.3915094339622642,0.0047169811320754715,True
fig8,10.0,0.05,LQR,1.0712114751157402,0.8278301886792453,0.0023584905660377358,True
fig8,10.0,0.05,NMPC N=1,0.496656476316298,0.3278301886792453,0.0023584905660377358,True
fig8,10.0,0.2,LQR,0.8657451811287584,0.6367924528301887,0.0023584905660377358,True
fig8,10.0,0.2,NMPC N=1,0.1971578106151079,0.1957547169811321,0.0,True
fig8,10.0,1.0,LQR,0.28239090859531446,0.12028301886792453,0.0,True
fig8,10.0,1.0,NMPC N=1,0.13356821511820996,0.06367924528301887,0.0,True
fig8,10.0,5.0,LQR,0.12671633552956907,0.0,0.0,True
fig8,10.0,5.0,NMPC N=1,0.13542144546817048,0.0,0.0,True
fig8,10.0,20.0,LQR,0.1431927874964627,0.0,0.0,True
fig8,10.0,20.0,NMPC N=1,0.11916024858069521,0.0,0.0,True
fig8,10.0,50.0,LQR,0.1559147400734877,0.0,0.0,True
fig8,10.0,50.0,NMPC N=1,0.18380978594700198,0.0,0.0,True
fig8,25.0,0.02,LQR,1.0903115462859314,0.7099056603773585,0.009433962264150943,True
fig8,25.0,0.02,NMPC N=1,0.6429646088857403,0.3915094339622642,0.0047169811320754715,True
fig8,25.0,0.05,LQR,1.1673938900544345,0.7004716981132075,0.009433962264150943,True
fig8,25.0,0.05,NMPC N=1,0.496656476316298,0.3278301886792453,0.0023584905660377358,True
fig8,25.0,0.2,LQR,1.1999330132127075,0.7594339622641509,0.009433962264150943,True
fig8,25.0,0.2,NMPC N=1,0.1971578106151079,0.1957547169811321,0.0,True
fig8,25.0,1.0,LQR,0.9316296817128091,0.6273584905660378,0.0023584905660377358,True
fig8,25.0,1.0,NMPC N=1,0.13356821511820996,0.06367924528301887,0.0,True
fig8,25.0,5.0,LQR,0.3521545980332873,0.09905660377358491,0.0,True
fig8,25.0,5.0,NMPC N=1,0.13542144546817048,0.0,0.0,True
fig8,25.0,20.0,LQR,0.08367922067455123,0.0,0.0,True
fig8,25.0,20.0,NMPC N=1,0.11916024858069521,0.0,0.0,True
fig8,25.0,50.0,LQR,0.09839555914117926,0.0,0.0,True
fig8,25.0,50.0,NMPC N=1,0.18380978594700198,0.0,0.0,True
square,0.2,0.02,LQR,1.1636732151480127,0.6273584905660378,0.0047169811320754715,True
square,0.2,0.02,NMPC N=1,0.6997623937525038,0.38207547169811323,0.009433962264150943,True
square,0.2,0.05,LQR,1.1182013099647643,0.4481132075471698,0.007075471698113208,True
square,0.2,0.05,NMPC N=1,0.6933325126686672,0.38443396226415094,0.009433962264150943,True
square,0.2,0.2,LQR,1.1043500688315293,0.49292452830188677,0.0023584905660377358,True
square,0.2,0.2,NMPC N=1,0.614604445132342,0.2806603773584906,0.007075471698113208,True
square,0.2,1.0,LQR,0.7733497581812211,0.36556603773584906,0.0023584905660377358,True
square,0.2,1.0,NMPC N=1,0.29357357350227276,0.19811320754716982,0.0,True
square,0.2,5.0,LQR,0.6467578545885299,0.3018867924528302,0.0,True
square,0.2,5.0,NMPC N=1,0.16765041519281335,0.20754716981132076,0.0,True
square,0.2,20.0,LQR,0.5522752350951059,0.16037735849056603,0.0,True
square,0.2,20.0,NMPC N=1,0.15968602051515135,0.08018867924528301,0.0,True
square,0.2,50.0,LQR,0.5158181625949458,0.03773584905660377,0.0,True
square,0.2,50.0,NMPC N=1,0.2552346077609372,0.08726415094339622,0.0,True
square,0.5,0.02,LQR,1.0923659434916135,0.6273584905660378,0.0047169811320754715,True
square,0.5,0.02,NMPC N=1,0.6997623937525038,0.38207547169811323,0.009433962264150943,True
square,0.5,0.05,LQR,1.1077841050886887,0.5919811320754716,0.0023584905660377358,True
square,0.5,0.05,NMPC N=1,0.6933325126686672,0.38443396226415094,0.009433962264150943,True
square,0.5,0.2,LQR,1.1559010717508909,0.4481132075471698,0.0023584905660377358,True
square,0.5,0.2,NMPC N=1,0.614604445132342,0.2806603773584906,0.007075471698113208,True
square,0.5,1.0,LQR,0.7312722857010352,0.36792452830188677,0.0023584905660377358,True
square,0.5,1.0,NMPC N=1,0.29357357350227276,0.19811320754716982,0.0,True
square,0.5,5.0,LQR,0.6036047322417811,0.3089622641509434,0.0,True
square,0.5,5.0,NMPC N=1,0.16765041519281335,0.20754716981132076,0.0,True
square,0.5,20.0,LQR,0.5207915267756115,0.17688679245283018,0.0,True
square,0.5,20.0,NMPC N=1,0.15968602051515135,0.08018867924528301,0.0,True
square,0.5,50.0,LQR,0.4796205571667447,0.04245283018867924,0.0,True
square,0.5,50.0,NMPC N=1,0.25523460740255316,0.08726415094339622,0.0,True
square,1.0,0.02,LQR,1.0002697699340646,0.5849056603773585,0.007075471698113208,True
square,1.0,0.02,NMPC N=1,0.6997623937525038,0.38207547169811323,0.009433962264150943,True
square,1.0,0.05,LQR,1.0047235166423096,0.5919811320754716,0.0,True
square,1.0,0.05,NMPC N=1,0.6933325126686672,0.38443396226415094,0.009433962264150943,True
square,1.0,0.2,LQR,1.0403991005842936,0.4410377358490566,0.0,True
square,1.0,0.2,NMPC N=1,0.614604445132342,0.2806603773584906,0.007075471698113208,True
square,1.0,1.0,LQR,0.6891020756597667,0.36556603773584906,0.0023584905660377358,True
square,1.0,1.0,NMPC N=1,0.29357357350227276,0.19811320754716982,0.0,True
square,1.0,5.0,LQR,0.5528664258185749,0.3113207547169811,0.0,True
square,1.0,5.0,NMPC N=1,0.16765041519281335,0.20754716981132076,0.0,True
square,1.0,20.0,LQR,0.4937656511716907,0.18396226415094338,0.0,True
square,1.0,20.0,NMPC N=1,0.15968602051515135,0.08018867924528301,0.0,True
square,1.0,50.0,LQR,0.4439349814633517,0.054245283018867926,0.0,True
square,1.0,50.0,NMPC N=1,0.25523460740255316,0.08726415094339622,0.0,True
square,2.0,0.02,LQR,0.8850544855836816,0.6084905660377359,0.007075471698113208,True
square,2.0,0.02,NMPC N=1,0.6997623937525038,0.38207547169811323,0.009433962264150943,True
square,2.0,0.05,LQR,0.9843542725841087,0.5683962264150944,0.0047169811320754715,True
square,2.0,0.05,NMPC N=1,0.6933325126686672,0.38443396226415094,0.009433962264150943,True
square,2.0,0.2,LQR,1.0412801976341362,0.49764150943396224,0.0,True
square,2.0,0.2,NMPC N=1,0.614604445132342,0.2806603773584906,0.007075471698113208,True
square,2.0,1.0,LQR,0.5825633373433468,0.24528301886792453,0.0023584905660377358,True
square,2.0,1.0,NMPC N=1,0.29357357350227276,0.19811320754716982,0.0,True
square,2.0,5.0,LQR,0.4959160577030219,0.29952830188679247,0.0,True
square,2.0,5.0,NMPC N=1,0.16765041519281335,0.20754716981132076,0.0,True
square,2.0,20.0,LQR,0.46827347241431416,0.19811320754716982,0.0,True
square,2.0,20.0,NMPC N=1,0.15968602051515135,0.08018867924528301,0.0,True
square,2.0,50.0,LQR,0.4086206897711167,0.11556603773584906,0.0,True
square,2.0,50.0,NMPC N=1,0.2552346077609372,0.08726415094339622,0.0,True
square,5.0,0.02,LQR,1.0443121393351573,0.6674528301886793,0.01179245283018868,True
square,5.0,0.02,NMPC N=1,0.6997623937525038,0.38207547169811323,0.009433962264150943,True
square,5.0,0.05,LQR,0.8170429476860547,0.5825471698113207,0.01179245283018868,True
square,5.0,0.05,NMPC N=1,0.6933325126686672,0.38443396226415094,0.009433962264150943,True
square,5.0,0.2,LQR,0.8361140486789704,0.5636792452830188,0.0023584905660377358,True
square,5.0,0.2,NMPC N=1,0.614604445132342,0.2806603773584906,0.007075471698113208,True
square,5.0,1.0,LQR,0.7721047692708175,0.3891509433962264,0.0023584905660377358,True
square,5.0,1.0,NMPC N=1,0.29357357350227276,0.19811320754716982,0.0,True
square,5.0,5.0,LQR,0.42039895059307797,0.22877358490566038,0.0,True
square,5.0,5.0,NMPC N=1,0.16765041519281335,0.20754716981132076,0.0,True
square,5.0,20.0,LQR,0.4466076661965677,0.25235849056603776,0.0,True
square,5.0,20.0,NMPC N=1,0.15968602051515135,0.08018867924528301,0.0,True
square,5.0,50.0,LQR,0.3809869300793392,0.1792452830188679,0.0,True
square,5.0,50.0,NMPC N=1,0.25523460740255316,0.08726415094339622,0.0,True
square,10.0,0.02,LQR,1.1644875516471365,0.7287735849056604,0.007075471698113208,True
square,10.0,0.02,NMPC N=1,0.6997623937525038,0.38207547169811323,0.009433962264150943,True
square,10.0,0.05,LQR,0.9070621408015751,0.6061320754716981,0.009433962264150943,True
square,10.0,0.05,NMPC N=1,0.6933325126686672,0.38443396226415094,0.009433962264150943,True
square,10.0,0.2,LQR,0.9676622390042356,0.6084905660377359,0.0047169811320754715,True
square,10.0,0.2,NMPC N=1,0.614604445132342,0.2806603773584906,0.007075471698113208,True
square,10.0,1.0,LQR,0.7918564347425664,0.455188679245283,0.0023584905660377358,True
square,10.0,1.0,NMPC N=1,0.29357357350227276,0.19811320754716982,0.0,True
square,10.0,5.0,LQR,0.5509005189931906,0.25235849056603776,0.0023584905660377358,True
square,10.0,5.0,NMPC N=1,0.16765041519281335,0.20754716981132076,0.0,True
square,10.0,20.0,LQR,0.4446914829140655,0.27358490566037735,0.0,True
square,10.0,20.0,NMPC N=1,0.15968602051515135,0.08018867924528301,0.0,True
square,10.0,50.0,LQR,0.38577803824662127,0.20518867924528303,0.0,True
square,10.0,50.0,NMPC N=1,0.2552346077609372,0.08726415094339622,0.0,True
square,25.0,0.02,LQR,1.0285059050925138,0.6933962264150944,0.009433962264150943,True
square,25.0,0.02,NMPC N=1,0.6997623937525038,0.38207547169811323,0.009433962264150943,True
square,25.0,0.05,LQR,1.2514620759894601,0.7240566037735849,0.009433962264150943,True
square,25.0,0.05,NMPC N=1,0.6933325126686672,0.38443396226415094,0.009433962264150943,True
square,25.0,0.2,LQR,1.0913836849717335,0.5872641509433962,0.01179245283018868,True
square,25.0,0.2,NMPC N=1,0.614604445132342,0.2806603773584906,0.007075471698113208,True
square,25.0,1.0,LQR,1.1743778927948387,0.6580188679245284,0.0047169811320754715,True
square,25.0,1.0,NMPC N=1,0.29357357350227276,0.19811320754716982,0.0,True
square,25.0,5.0,LQR,0.6593163586372012,0.419811320754717,0.0023584905660377358,True
square,25.0,5.0,NMPC N=1,0.16765041519281335,0.20754716981132076,0.0,True
square,25.0,20.0,LQR,0.4884587223954985,0.330188679245283,0.0,True
square,25.0,20.0,NMPC N=1,0.15968602051515135,0.08018867924528301,0.0,True
square,25.0,50.0,LQR,0.4470179351927953,0.3113207547169811,0.0,True
square,25.0,50.0,NMPC N=1,0.2552346077609372,0.08726415094339622,0.0,True
