H,encoder,n_windows,params,r2_overall,r2_force,r2_moment,lat_median_ms,lat_p95_ms,admissible,warmup_ms
16,GRU,34920,97542,0.9916553696092719,0.9885269810417535,0.9947837581767907,0.34402799792587757,0.3496044948406052,True,320.0
16,LSTM,34920,129926,0.9419927390898098,0.8907596173305189,0.993225860849101,0.3968169985455461,0.4070109498570673,True,320.0
16,TCN,34920,77254,0.9889874209493136,0.9876272320280074,0.9903476098706198,0.3476324927760288,0.374877546710195,True,320.0
16,CNN,34920,49862,0.9861900822741202,0.982578786740524,0.9898013778077163,0.12428400805220008,0.13070649874862283,True,320.0
32,GRU,33768,97542,0.9924121938720244,0.9894208850577625,0.9954035026862863,0.6398160039680079,0.6524050026200712,True,640.0
32,LSTM,33768,129926,0.9399777635244261,0.8840304425408,0.9959250845080522,0.7281399957719259,0.7362775031651836,True,640.0
32,TCN,33768,106118,0.9848412849016416,0.9825143388611056,0.9871682309421773,0.5735310041927733,0.583917507174192,True,640.0
32,CNN,33768,70406,0.9784860127205529,0.9698127019011965,0.9871593235399093,0.19942849758081138,0.21271644145599566,True,640.0
64,GRU,31464,97542,0.9931618260977841,0.9907389377032619,0.9955847144923062,1.2338969972915947,1.2412749965733383,True,1280.0
64,LSTM,31464,129926,0.943792314039796,0.8909735958261834,0.9966110322534085,1.4112404969637282,1.4213330068741925,True,1280.0
64,TCN,31464,134982,0.9817948783806756,0.9771272157908707,0.9864625409704805,0.8263240015367046,0.8346944508957677,True,1280.0
64,CNN,31464,90950,0.9531037509826419,0.923745193397469,0.9824623085678149,0.2651030008564703,0.270900488976622,True,1280.0
128,GRU,26856,97542,0.9945028771597687,0.992696087194037,0.9963096671255004,2.39345299632987,2.461161005339818,True,2560.0
128,LSTM,26856,129926,0.9692921834180961,0.9419279134392632,0.996656453396929,2.586256501672324,2.673361054621637,True,2560.0
128,TCN,26856,163846,0.9816837039845695,0.9783062989902817,0.9850611089788576,1.1977360045420937,1.2044275434163865,True,2560.0
128,CNN,26856,111494,0.9567841863596133,0.9307858218792179,0.9827825508400082,0.3344625001773238,0.35139950559823774,True,2560.0
