noise,ctrl,rmse,rmse_iqr,maxerr,tilt,effort,smooth,sat,crash,ms_per_step,respawns,bound_frac,bounded
off,LQR,0.08704711752337886,0.022756439912035215,0.23938309845168698,0.03643252246858389,0.537602999961462,1.0247565869820148e-06,0.0,0.0,17.524123703999976,0,0.0,False
off,NMPC N=1,0.08775559868122754,0.024956266010819017,0.2463337188957986,0.03691846431832465,0.5377449654405793,3.8649112679479946e-06,0.0,0.0,72.24447303200031,0,0.0,False
off,NMPC N=10,0.08573314393881076,0.023375141121099327,0.2367920951215184,0.03671570089447538,0.5370941926424928,1.1717534787365165e-05,0.0,0.0,97.72215779999986,0,0.0,False
low,LQR,0.08612699164317925,0.022280691932886607,0.24011658662385227,0.03641314455507079,0.5228550696513956,0.009078684102526926,0.0,0.0,34.07815858400045,0,0.0,False
low,NMPC N=1,0.08678450091825372,0.02120138950105449,0.24809198467240123,0.03650086911542934,0.5185474938114694,0.01678301732472125,0.0,0.0,67.93500363200017,0,0.0,False
low,NMPC N=10,0.08488461153652632,0.022542793605902278,0.23779899540884641,0.036489869330482205,0.5220976468713231,0.010690567718243775,0.0,0.0,97.28447720799976,0,0.0,False
high,LQR,0.08470785556790525,0.021287200170588938,0.2441943503833139,0.03875130201834773,0.5095161941744779,0.13086394902652201,0.065,0.0,33.67761711200001,0,0.0,False
high,NMPC N=1,0.08486878134171758,0.022181633966991438,0.2583173397210509,0.04007922542871298,0.5141282651398793,0.18577906953216405,0.005,0.0,67.62929951199929,0,0.0,False
high,NMPC N=10,0.08327782529144012,0.023612312303623068,0.24124564708835128,0.03863649338131969,0.5103423405267709,0.1709844556634678,0.0016666666666666668,0.0,95.8539665520002,0,0.0,False
