x1,y1,x10,y10
0.10784826073437814,0.2260086477611843,0.10784826073437814,0.2260086477611843
0.10765362155421673,0.2482720818540363,0.1076606137445141,0.24823107006655423
0.10738610670432326,0.27080898112012897,0.10743876387517773,0.2705527447897498
0.1069820024653762,0.2936465137785291,0.10717993394915727,0.2929185518847578
0.10627679586135695,0.3168964540419353,0.10685094288338783,0.31534350724476035
0.10495205949200015,0.34076537774086113,0.1063120213418788,0.3379683333733462
0.10260386164093623,0.36544302242156707,0.10520036513854385,0.3611104628583205
0.09882888614600539,0.39105694356022774,0.103006662081734,0.38511787788268875
0.0932561358086557,0.4176765432139118,0.09929456546686176,0.4101872972529906
0.08564369682318171,0.4452690500930187,0.09373608559608061,0.4363783100018641
0.0760412242119597,0.47363577615310465,0.08617232442852313,0.4635979377871032
0.06461631559611485,0.502525871115505,0.0767301301028008,0.4915736381705437
0.05146509892614177,0.5317235265034117,0.06560898431019983,0.5200165349457929
0.03669309161479932,0.561020875126915,0.052868466372545546,0.5487040964703332
0.02000643925484047,0.590231893689453,0.03813940665902925,0.5774717497428361
0.0006101564257071484,0.6190819625220578,0.020638828790966183,0.6060882840308194
-0.02208804834623721,0.6471900676703685,-0.0003585489839858487,0.6341996132034271
-0.04829474529169061,0.6741742015927387,-0.025141824458300436,0.6614440191360127
-0.07790794254441072,0.6997292663058143,-0.05353007842960949,0.6875832484384514
-0.11058611037318827,0.7236716861689486,-0.08480038486790634,0.7126040466423638
-0.14573157612232351,0.7460050484208722,-0.11798794464201968,0.7366800077159656
-0.18257441905487953,0.7669419271007718,-0.152327007453303,0.7599997748025575
-0.22048989601419333,0.7867214746973459,-0.18787701570444282,0.7823313823377981
-0.2592418130849941,0.8053165177634901,-0.22517008774070374,0.8029607910766644
-0.2988288483711964,0.8224101619917409,-0.264690185428654,0.8209026971142306
-0.3392715193447024,0.8375454203957106,-0.3062609285818086,0.8355988481671978
-0.38049477478621,0.8503357402615997,-0.3493687780319529,0.8468684783768599
-0.42232437757099145,0.8606009460338606,-0.39345610650296176,0.8546687599354084
-0.4645248817776108,0.8684438557348134,-0.4379689622424413,0.8590673428733968
-0.5068467863774725,0.8742550236316503,-0.4823858760285261,0.860112536180932
-0.5491103171855825,0.8782213813825283,-0.5261871902214362,0.8579242494996949
-0.5911453395991432,0.8802648619492893,-0.5688552225277584,0.8527128624051292
-0.6327218258548138,0.8801947258379523,-0.6098921315538981,0.8447771495494435
-0.6735271792193321,0.8779099532024065,-0.648836442836602,0.834485149043325
-0.7131911885694727,0.8734943785272388,-0.6852702994781721,0.8222554020257513
-0.7513930115909253,0.8673330763646362,-0.7188612638097067,0.808565803964831
-0.7878599140133027,0.8599232736857331,-0.7494584924300147,0.7939541192357225
-0.8223368949917033,0.8517858201897027,-0.7770642124540075,0.7789368669460096
-0.8545871865302329,0.8434558041955813,-0.8016792589914535,0.7639567932554806
-0.8844342722010503,0.8354677733505611,-0.8232131589220185,0.7494065026309804
-0.9117828124872241,0.8283166271151139,-0.8416954645123144,0.7356261530144028
-0.9366081530508359,0.8224290882441213,-0.857309044004015,0.722873233875355
-0.9590531228409735,0.8180740097928769,-0.8702691135494409,0.7113565449913856
-0.9796209711698175,0.8151561701007891,-0.8808184813111396,0.701258694038293
-0.9989501037828421,0.8133142793482444,-0.8893848771676313,0.6926532961820463
-1.0174645934684499,0.8122555490334326,-0.8964053314674997,0.6856080224245606
-1.0353953473957538,0.8118109702957947,-0.9022626205924424,0.6802900332215093
-1.0528491550259143,0.8119190000910667,-0.9073663243621566,0.6769687959544578
-1.06982074424268,0.8126612573152359,-0.9122464231047339,0.6758908010619148
-1.0862253567141846,0.8142690370746397,-0.9175149227464944,0.6772322765868765
-1.1019970745150183,0.8170077755919016,-0.9237738774208482,0.6809699087885082
-1.117170098518333,0.8210304470628499,-0.9315304933209911,0.6869374872735974
-1.1319362893888292,0.8261999568912508,-0.9411850492618865,0.6948947412931133
-1.1465794099733586,0.8321501574631642,-0.9530684942166416,0.7045686911545409
-1.1614007843487397,0.8384406427328023,-0.9674256600692765,0.7156352211477084
-1.1766989293995154,0.8446075800067162,-0.9841181341941212,0.727608558745987
-1.192743144484532,0.8501971442707946,-1.0029056627549646,0.7400466777397164
-1.2097578411117615,0.8547986711521594,-1.0241065907418765,0.7526749145097529
-1.2279211293087948,0.858056731339226,-1.0477530286772168,0.7651949975696148
-1.2473313768462622,0.8597193192032944,-1.073339738605784,0.7773944496467047
-1.2678654287152185,0.8598340063702955,-1.1005482122989232,0.7891310224389784
-1.2891165688526591,0.8588649465537945,-1.1293518502036992,0.8002290694005538
-1.3107584240419143,0.8572231740930832,-1.1596547987950965,0.810531504096589
-1.3326387126233163,0.8551068419806165,-1.1912841999377148,0.8198762919519926
-1.3547002767368885,0.8525887300521113,-1.224269094547276,0.8278670171563173
-1.3769672873771421,0.8496225638368506,-1.258249463815226,0.8342610099507003
-1.3995926097640525,0.8459740159787655,-1.292634648672233,0.8390290771863224
-1.4227488368677992,0.841430790796817,-1.326841653125015,0.842343346308464
-1.4463637162811878,0.8362155695815504,-1.3604350168428738,0.8444348091097764
-1.4702184366692739,0.8307900003057109,-1.3930314714300636,0.8453849906509154
-1.4940534284266729,0.8256694642620813,-1.4242773845631598,0.8452798295169754
-1.517614721882413,0.8213443822424022,-1.453866284183412,0.8442507998286185
-1.5406765048911246,0.8182446172206442,-1.4816542949153066,0.8425194662924073
-1.5630458642224123,0.8167398840540432,-1.5076663284043994,0.8403391684381015
-1.5846186919777576,0.8170013320473815,-1.5321173753497224,0.8379511690543343
-1.6055108472118829,0.8186980394360391,-1.555284761666474,0.8355321602277664
-1.62594462522613,0.8212891100078881,-1.5773878430015966,0.8331983477748922
-1.6460671847961392,0.8244354094539105,-1.5985176527931404,0.8310558014472776
-1.665944658985468,0.8279938008650713,-1.618747329456965,0.8292368349713947
-1.6855956273224408,0.8319401144877624,-1.6383147508525122,0.8278747441021713
-1.7049867947874404,0.8364164069399677,-1.6575958678944303,0.8270877493327423
-1.7240989405775653,0.8416645551040866,-1.6770477041318568,0.8268982190624297
-1.7430679609239044,0.84769120222088,-1.6970757280467172,0.827256681821769
-1.7621718100809811,0.8541267718213438,-1.71799354671451,0.8280560210836095
-1.781718497307775,0.8604786998856758,-1.7400649272680986,0.8291568393575767
-1.802006113610275,0.8662343935710218,-1.7634934367476205,0.8303777901431532
-1.823297518222912,0.8709001201136565,-1.7883560843098887,0.831506408433314
-1.8457971246619955,0.8740342544820999,-1.8144891507971956,0.8323556520302272
-1.869655707849106,0.8752453542079225,-1.8416477361266492,0.8327986742992948
-1.894933556266368,0.8742388752788981,-1.8696298942083225,0.8327401482254688
-1.9215068103128603,0.8709598809298509,-1.8982607228902757,0.8320993960391957
-1.949035610411948,0.8657001443829254,-1.9273991370976227,0.8307631237936483
-1.977056908460448,0.859075442472647,-1.9569587907930837,0.8284555107563035
-2.005310126677098,0.8513802675199527,-1.9868065272980877,0.824639435918227
-2.033728727940212,0.8421562765377312,-2.0165825518150653,0.8186907450114325
-2.0622028942324735,0.8302482808249558,-2.0457186557440217,0.8101935570438434
-2.0903923871458465,0.814830120315791,-2.0735991115850743,0.7989619883723644
-2.1178527822308215,0.7955415229029916,-2.0996292639644194,0.7849110837323034
-2.1441592248954153,0.7724340468855702,-2.123258573760169,0.7680245275348122
-2.168944190017668,0.7457578828637865,-2.14404844221773,0.7484098411278369
-2.191949233221109,0.7159631472252371,-2.161685536339317,0.7262844934993312
-2.213070413770916,0.6836480793321954,-2.175909957172408,0.7018985660587196
-2.232366596512042,0.6494858583835971,-2.186810373495275,0.6756996934892604
-2.249663255890624,0.6138040572124854,-2.194930802031148,0.6482809235713423
-2.264563699303128,0.5767771802606413,-2.2007728517149787,0.6200621644793004
-2.2767290063752497,0.5386911768371789,-2.2048824532847258,0.5913614675912234
-2.2858889219016136,0.49988470470577556,-2.2076900305905576,0.5623812183220979
-2.2919907245119666,0.460733931023073,-2.209435946965308,0.533229081434974
-2.2951419703440092,0.42158980940405727,-2.2099990414901267,0.5039107926585259
-2.29539909110756,0.38276692710061594,-2.208519352363058,0.4742776484279456
-2.2927223605150617,0.34458516767678243,-2.2040089827706097,0.444181448627081
-2.2872487609391294,0.30735440036887046,-2.1963676674647026,0.4136727395036301
-2.2792189272619865,0.2713741222580533,-2.1861496766847415,0.38293763504647804
-2.268964249424253,0.23693570703468267,-2.1735638438847285,0.3521414470957914
-2.2569324017546757,0.20430535130983565,-2.15909715231267,0.32152136174290646
-2.243666678638734,0.17371391257524452,-2.1433538714654414,0.29135400271420153
-2.229758244266345,0.14536973823450317,-2.1269519128699272,0.2619392550071558
-2.2158195878502123,0.11944674763200433,-2.110501069895121,0.2335963871235559
-2.2024511409907435,0.09604277736798947,-2.0945957530918458,0.20666076701595176
-2.1902028328018837,0.07519049163724338,-2.079801308013397,0.18147043921392572
-2.179552534184114,0.05685531401353556,-2.0666068839089737,0.15831702341853102
-2.1708923392961563,0.040934791320672334,-2.0553754771988433,0.13739807878304727
-2.1643905780658623,0.027143905880906895,-2.046381555617681,0.118853761453966
-2.1597331464602116,0.014880617091440273,-2.0398533309425892,0.10279527820764041
-2.156440679882517,0.0035851070570371945,-2.03599482788463,0.08932203671190722
-2.154165370818612,-0.00708826335522119,-2.0347366796023656,0.0782941793630578
-2.152703638297901,-0.01733380464510635,-2.035397324002008,0.06903643814385813
-2.1519575614535507,-0.027260918452281378,-2.0372784615251933,0.06089044434350599
-2.15190580764887,-0.03693523614016954,-2.0399902212306835,0.05349405795747989
-2.152639286470287,-0.046390779607382665,-2.043365408903207,0.04669160248607934
-2.1543843632119226,-0.055654484970684134,-2.0473280660770095,0.0404108341227501
-2.1574321481729797,-0.06479334518070012,-2.052224385733496,0.03492884277557757
-2.162018419518277,-0.07395206831281663,-2.058571391529592,0.030649488376257056
-2.1681120732384085,-0.0833542884030553,-2.066599134127892,0.02772557734839864
-2.175325549799682,-0.09324049503158656,-2.0761307815922447,0.025971303449337613
-2.1831362690512757,-0.10384189228612548,-2.086968609686185,0.025161583955604055
-2.1909825952837503,-0.11537105976143829,-2.0987268515292006,0.024904495546110433
-2.198307586172108,-0.12800036412612206,-2.110965704024192,0.0247455395695516
-2.204597655277268,-0.1418548987441322,-2.1232480148018973,0.024210874818563412
-2.2094030546111627,-0.15701711306887825,-2.1351541613579244,0.02282071056651468
-2.212355675560801,-0.1735289631409426,-2.1462945961363133,0.020103038933154987
-2.2133437530434277,-0.19128911478572783,-2.1563154252160524,0.015598800957673208
-2.212837694262128,-0.2098839544890852,-2.1649066004824404,0.008872746059654756
-2.2113780699898062,-0.22893919764844167,-2.171837553450244,-0.00043463251048363205
-2.2092543130019155,-0.24827037617853323,-2.176979969491166,-0.012573044993247828
-2.206621695840834,-0.26778552074040984,-2.1802960611696207,-0.027697779221309168
-2.203564865190861,-0.2874372599626921,-2.181833149243167,-0.045870362077985706
-2.19997769664983,-0.3072730465163145,-2.1817359612722638,-0.06701709077460762
-2.195489744214157,-0.3274765589799052,-2.180274936694635,-0.0908232467205882
-2.1898464487614366,-0.34820840228622296,-2.177911899952144,-0.11652104289703018
-2.1832809880690496,-0.36941949461107193,-2.1750366694214347,-0.1433844636849244
-2.1762788415968672,-0.39093643522223587,-2.171822744059945,-0.17112605985885557
-2.1693847892677853,-0.41254007618184907,-2.1682718597482555,-0.19995001628893938
-2.1631185320290536,-0.43400192015162886,-2.1644423103881234,-0.23005061575145527
-2.1579291681457318,-0.45510726287175796,-2.160486082308189,-0.2615735443011326
-2.1541819412134338,-0.47566530172575605,-2.1566862514567084,-0.2942146252279251
-2.152150922334218,-0.4955161700227478,-2.153344412116415,-0.327477172930335
-2.1518953073281732,-0.5145882177558224,-2.1507052620190863,-0.3608292844255683
-2.153026030090934,-0.5330128491958311,-2.148910350144084,-0.39380661009019635
-2.1550392313240923,-0.5509975251880466,-2.1480422946499775,-0.4260316768088698
-2.1576435600801127,-0.5686734193485314,-2.1481351723813744,-0.4571893267686063
-2.1607351623673257,-0.5861004709691573,-2.1490988251315444,-0.48711118987319785
-2.1643514236164214,-0.6033002614517063,-2.150748243129944,-0.515801473210106
-2.1686377352479744,-0.6203105113951283,-2.1528917570770165,-0.5433441243545966
-2.173638159487517,-0.6372947403179483,-2.15536566990522,-0.5698372116621436
-2.179049835543361,-0.6545546072929553,-2.1580165960579527,-0.5954168673926694
-2.1844056299440053,-0.6724237766032185,-2.160714432659584,-0.6201317904806847
-2.1892222946126023,-0.691209154212179,-2.1632976588223207,-0.6439807953857377
-2.19305720045479,-0.7111587882298104,-2.165531351514423,-0.6670263796076429
-2.195525074051337,-0.7324458686701634,-2.167117062737609,-0.6894319035464547
-2.1962847649936457,-0.7551694266164524,-2.167741730129454,-0.7114177164974672
-2.194986594068,-0.7793825589772163,-2.167150627798983,-0.7331777349581374
-2.1913348462732674,-0.8050368528074489,-2.165199404367313,-0.7548182267545508
-2.1852587531368632,-0.8318909846440808,-2.1617134604524586,-0.7763558887606554
-2.1767509359963753,-0.8596447491999415,-2.1562217437721922,-0.7977379656251421
-2.1658280402184564,-0.8879741911549713,-2.1479841845004266,-0.818836813164317
-2.1522589012989246,-0.9165923629183292,-2.136436691555967,-0.8394705996810928
-2.135574152380238,-0.9451855081555474,-2.1214084713756534,-0.8594564785433788
-2.1155197107264287,-0.9733810214447314,-2.1031909067141856,-0.8786727968251742
-2.0921248898028795,-1.0008298698172666,-2.082678010065891,-0.8971545432692594
-2.0657108279516843,-1.0272820830320355,-2.0604493892948104,-0.9149040878564412
-2.0368078604471633,-1.0526127470627193,-2.036642621209284,-0.9317912790916321
-2.005756676683423,-1.0766716913426715,-2.0111703504351692,-0.9475677426746747
-1.9727435174036598,-1.0992239724685042,-1.9839492412266693,-0.9619681859512834
-1.93782496957128,-1.1198681775602157,-1.9549051047986403,-0.9747076577108021
-1.9010245710253375,-1.1379902554526942,-1.9237053987761288,-0.9852520885142305
-1.8625260027194679,-1.1528975376827875,-1.8904816447068653,-0.9934680652159229
-1.8228453620504237,-1.1642041844996147,-1.8555602989291171,-0.9994396807886239
-1.7826178681157625,-1.1717507781971501,-1.8193320849616643,-1.003338054380397
-1.7424733739113463,-1.1755477347508385,-1.7820015765176214,-1.0050330873140731
-1.702962708438657,-1.175782466759028,-1.7439924176186963,-1.0046562613349428
-1.6644989564835089,-1.172800261317898,-1.7058368143861613,-1.002503801919774
-1.6273180187028362,-1.1671012516959116,-1.6680890925572238,-0.9989480131062698
-1.591505686909122,-1.1592348841036468,-1.6312813316414565,-0.9943971182712318
-1.5571061423466137,-1.1496429923652218,-1.5959040030489569,-0.9892552465589011
-1.5242183738280113,-1.1386224613990452,-1.5623755394501753,-0.9839181214184042
-1.4930550950908574,-1.1263640330966622,-1.531159513273562,-0.9787539362582635
-1.463932621091305,-1.1130446658413986,-1.5027919429754977,-0.9741349681853745
-1.4372003087584428,-1.098906100031678,-1.4776260734160929,-0.9703950172171014
-1.4130679090507794,-1.0843031731326447,-1.4556259279612112,-0.9677237412663217
-1.3915655390511092,-1.069637833255565,-1.4362028348237177,-0.9660517155336376
-1.3725792549226503,-1.0552916853564105,-1.418774780991892,-0.9652307957311231
-1.3559068509173853,-1.0415939907872633,-1.4027940331661808,-0.9650624967915453
-1.3412858936394088,-1.0288136450532337,-1.3877702903493196,-0.9653330742166176
-1.3284148670064901,-1.017160206367229,-1.3734648930516222,-0.9659314113566952
-1.3169498036124616,-1.0067798272331867,-1.359848923728602,-0.9668416209517238
-1.3065663448586988,-0.9978111668152884,-1.3472523141102548,-0.9682121338612755
-1.2969438666486575,-0.9903971873382466,-1.3365022147753016,-0.9703958923818167
-1.2877350627767956,-0.9846403342221561,-1.3278655459051114,-0.9734325789641307
-1.2785736989790413,-0.9805387735379175,-1.321158750286699,-0.9771243255228346
-1.2691136564506516,-0.9779893890639665,-1.3160571486151813,-0.9811906757387674
-1.2590538645599243,-0.9768219592646473,-1.3121852342282017,-0.9853185379727073
-1.2481969445305339,-0.9767371882635918,-1.3091141955669054,-0.9891772013854576
-1.236443233667733,-0.9774023883189344,-1.3063718310408559,-0.9924341363893527
-1.2237455926668195,-0.9785150097594089,-1.3034798270555747,-0.9947880066192613
-1.2100885874121612,-0.979804908698028,-1.2999819959361454,-0.9960189821059588
-1.1954969224454426,-0.9810268752090742,-1.2954279639855562,-0.9959479967379745
-1.180050864290982,-0.9819690132983412,-1.2894901318032528,-0.9945786019167462
-1.1638801263526388,-0.9824688403803344,-1.2820541847899718,-0.9921216015046683
-1.147139807493325,-0.9824178532777544,-1.2728751380861787,-0.9887144835292898
-1.1299887048228743,-0.9817528478812769,-1.2615873127615669,-0.98447932796525
-1.1125813172123404,-0.9804481974439399,-1.2480622945979494,-0.9796590911709921
-1.095067877284221,-0.97851944877359,-1.232503574231679,-0.9745474595460711
-1.077589878209653,-0.9760322944137055,-1.2152938664341613,-0.9693931674769717
-1.0602682320629218,-0.9731084510633246,-1.1965714447746734,-0.9643877077509747
-1.0431873204355608,-0.9699203157819807,-1.1762933404160545,-0.9597461925457864
-1.0263821741806092,-0.966670512387446,-1.1544812490222556,-0.9557128439263362
-1.0098347069591276,-0.9635629942356599,-1.1313127880078286,-0.9525086217001429
-0.9934800224637821,-0.9607749436771248,-1.1070901366767754,-0.9502770320227977
-0.9772210015226068,-0.9584374942455595,-1.0821966128010394,-0.949033441442903
-0.9609449946928194,-0.956629265702653,-1.0569783257946561,-0.9487265965856171
-0.9445365441159546,-0.955381236815136,-1.0317355558429677,-0.9492627746477003
-0.9278832336958847,-0.9546876763174579,-1.0067369063907865,-0.9505671642091851
-0.9108749636554438,-0.9545168545455996,-0.9822427286151303,-0.9525125765097665
-0.8934023417250156,-0.9548153524362263,-0.9584546403298599,-0.9548812654023765
-0.8753606808664993,-0.9555057554720847,-0.9354621098242252,-0.9574104378794455
-0.8566586734378797,-0.9564851792953113,-0.9132396047621169,-0.9598556880628997
-0.8372306802908488,-0.9576280427771559,-0.8916869341878918,-0.9620239964044096
-0.8170453311363985,-0.9587958671768431,-0.8706710151054566,-0.963766022898355
-0.7961071952118005,-0.9598505594902297,-0.8500398207267723,-0.9649509009658392
-0.7744519276298215,-0.9606661788720755,-0.8296077216935533,-0.9654522294374285
-0.7521367033825417,-0.9611358547554627,-0.8091331353232448,-0.9651513317879078
-0.7292303124262931,-0.9611732106458737,-0.7883164090178711,-0.9639620676066362
-0.7058053361737934,-0.9607091709062818,-0.7668680524709351,-0.9619096764959004
-0.6819348245103004,-0.9596863438301303,-0.7445816893382928,-0.959108813989152
-0.6576946128528667,-0.9580530787793369,-0.7213579346078673,-0.9557065615769877
-0.6331704436846473,-0.9557573125577787,-0.6972172304007951,-0.951846737973267
-0.6084670281214954,-0.9527359397211862,-0.6723100637507203,-0.9476521394341777
-0.5837210390820381,-0.948896937104559,-0.6468761994254904,-0.9432132828927455
-0.559119731873631,-0.9441149771539307,-0.6211096331261745,-0.9385623747430771
-0.5349161868474908,-0.9382339004576101,-0.5951497620494051,-0.9336802932312621
-0.511465524330672,-0.930974068100529,-0.5690736766463488,-0.928440361844286
-0.48921673479859984,-0.9220119721104308,-0.5429745977271772,-0.9225287184358504
-0.46867239339719224,-0.9110253117520467,-0.5170489339463402,-0.9153603584392472
-0.45033785778259616,-0.8977235056217746,-0.4916220078449869,-0.9062767414902442
-0.4345868152711487,-0.8819614833767987,-0.4670613876543963,-0.8947580988167514
-0.42139857836873557,-0.8639534386796754,-0.4437435336892811,-0.8804119943410041
-0.4103507356777174,-0.8442162260905165,-0.4220341095120922,-0.8630169663200083
-0.40094986746804,-0.8232562013404129,-0.4023049144934416,-0.8424755814864735
-0.3928230621250956,-0.801430675215058,-0.38483733128256253,-0.8189281330186021
-0.38570626372556727,-0.7789790669229366,-0.36952334503965534,-0.7930137574950119
-0.37941237355064994,-0.7560619597458346,-0.35607035413165683,-0.7654112648384047
-0.3738258197262169,-0.7327777570582756,-0.3442832206461328,-0.7365338196006584
-0.3689435105557069,-0.7091459884763521,-0.33396751625623183,-0.7066960114733712
-0.3648798611208038,-0.6851116306700028,-0.324949339750815,-0.6761420195837312
-0.3617582096702634,-0.6606173437245807,-0.31734559003631896,-0.6449217964550966
-0.3596674427089398,-0.6356338448061715,-0.31195214985210534,-0.612760334412983
-0.3586864901988828,-0.6101508783275185,-0.30957953832774154,-0.5794740202132772
-0.3589302632426431,-0.584167510691424,-0.31049131538917646,-0.5451840753891631
-0.3604934136245696,-0.557746905007032,-0.314292043573007,-0.510258694686881
-0.363222467903667,-0.5311319870854463,-0.3206023549162906,-0.47505524226782886
-0.36671542324326856,-0.5047062139058145,-0.3293659615374497,-0.4399053329460779
-0.3705033933746806,-0.47889083084740963,-0.34020295397599676,-0.405221972537597
-0.37413161396946215,-0.4540913613090492,-0.35259028790448793,-0.3714338673135053
-0.3772111657073918,-0.43065877461277774,-0.3659656325117301,-0.3389603607805615
-0.3794376103853499,-0.40888886605322966,-0.37975342551232155,-0.3081973420830181
-0.38064390135975235,-0.3889293894713538,-0.39338018711906125,-0.2795001163102641
-0.38092609758524465,-0.3705622240977763,-0.4062915311825124,-0.25316901893577143
-0.3805758431084845,-0.3532883040173275,-0.41797997513082497,-0.2294036792784011
-0.3798150755969791,-0.3367325222916195,-0.4280048561237314,-0.20829694298382773
-0.3787529893400264,-0.3207054872821241,-0.4359757909547218,-0.18986765733501368
-0.3773920270345701,-0.305184746534421,-0.4415381592893719,-0.17408954916627817
-0.37560705995365407,-0.2903297777136747,-0.44467270499201095,-0.16062806867474932
-0.3732223861877672,-0.27635095187971503,-0.44589812633409937,-0.1487828872153292
-0.37016956882775326,-0.2632840417565491,-0.4458000024294035,-0.1379598113434441
-0.36662229830107473,-0.2508290545699737,-0.44480249357975943,-0.12778837383779704
-0.36285740260794974,-0.23854692155637333,-0.44298277222006244,-0.11817235115114655
-0.35917793134526255,-0.22595811941874153,-0.4400890422632968,-0.10922890609688511
-0.355867819111953,-0.21260030553706927,-0.43615437643144145,-0.10090258829479125
-0.3531606724029516,-0.198066267565169,-0.43066611336063393,-0.09343390497432813
-0.35122879665537104,-0.18201708878692172,-0.4231357519044533,-0.08702938534565204
-0.35013537370899633,-0.16429053700098412,-0.4137130172185291,-0.0815607896472675
-0.3497376283437788,-0.14514308382340052,-0.402831426546115,-0.07676450299164439
-0.34979263160422025,-0.12507996077861241,-0.39100367440167794,-0.07234505322050655
-0.35013817441955625,-0.10446474263064566,-0.3787581387975921,-0.06800210551764399
-0.35071033837018667,-0.08346029088690952,-0.36662823373385167,-0.06343582895016028
-0.35151753188564827,-0.062088942496563375,-0.3551333929451878,-0.05833449276017849
-0.35266039475310546,-0.04022553192807464,-0.3448085419040466,-0.05235068511978597
-0.35432185587129394,-0.017657124026087757,-0.3361162847365664,-0.04517305743335807
-0.3565870530308745,0.005612826974048684,-0.3293634011714689,-0.03657295458578188
-0.35933436163930554,0.029243802890458043,-0.3247499062595087,-0.02634764959944016
-0.36235944214737414,0.05277362007617847,-0.32231389340718836,-0.014364993748300532
-0.3654442438065006,0.07572798750717452,-0.32181575845803856,-0.000692456565915872
-0.3683927942195002,0.09767956995242234,-0.32282995779520735,0.014422849924674954
-0.3710512205926683,0.1182884347800288,-0.3249698576809586,0.030724352879697187
-0.37334627572725554,0.1374542474261047,-0.3279430707295194,0.04800115791834166
-0.3753277463515922,0.15548035952527395,-0.331596438736908,0.06617514088012018
-0.37707513378250673,0.17273650894500422,-0.33596954593667216,0.08544194188960026
-0.3786236533459967,0.18942874853030378,-0.34110420679488057,0.10608038724185435
-0.3799582308476129,0.2056265680995362,-0.34697689270470156,0.12837462370394548
-0.38100938069349694,0.22131981972875728,-0.3533280375220174,0.15220253199284092
-0.381633761486452,0.2364632802140099,-0.3598324120367519,0.17729191767990654
-0.3816382222023356,0.25109309051849715,-0.36615962265264324,0.20338465592890598
-0.38086307657878615,0.26543581267530636,-0.37196394952395107,0.23023748113978962
-0.3793044707815714,0.27990715423357265,-0.37692871231173175,0.2575288918366327
-0.3770611661222294,0.29498542986622955,-0.3807768990374888,0.28491632591713545
-0.37427485843179037,0.3111667851137142,-0.3833381993381439,0.31205921925824026
-0.37112128218622603,0.3289264155637505,-0.38464921152457443,0.3386970189195532
