Q_pos,R_rate,admissible,rmse,rmse_iqr,maxerr,tilt,effort,smooth,sat,crash,ms_per_step,respawns,bound_frac,bounded
0.5,0.05,True,0.15114983551694838,0.04245866434568492,0.4897266921162679,0.038081723264754244,0.5446149687979217,4.5340925996415766e-05,0.0,0.0,85.84513653000613,0,0.0,False
0.5,0.2,True,0.15227040111653292,0.043269627022661766,0.4907465676969024,0.038513203314976784,0.5448246023138223,3.453183482314565e-05,0.0,0.0,59.15555368497735,0,0.0,False
0.5,1.0,True,0.15640442507602684,0.045496111440305576,0.4969198301007254,0.039357906345516114,0.5449465795272613,5.439664583514903e-05,0.0,0.0,58.63826295000763,0,0.0,False
0.5,5.0,True,0.16908791975805798,0.04682065317985121,0.5129512291956866,0.04045457379309708,0.5452665912232753,0.00011112046727682987,0.0,0.0,59.102123615011806,0,0.0,False
0.5,20.0,True,0.20142449059498743,0.06871547235283612,0.5563238343924664,0.04136057772702456,0.5458054896206994,0.00030560967231091254,0.0,0.0,56.620357840001816,0,0.0,False
1.0,0.05,True,0.12961897909133857,0.04034533777737459,0.4584697622436524,0.038498009163569366,0.5448030457145653,4.998110734227405e-05,0.0,0.0,56.08778515001177,0,0.0,False
1.0,0.2,True,0.13077232034038175,0.03983543667946238,0.4601206955634394,0.03894398242586396,0.545052880590992,3.393436880972014e-05,0.0,0.0,57.37208628001099,0,0.0,False
1.0,1.0,True,0.1342701996896203,0.03985916061933545,0.4623155092921918,0.039908111803817675,0.5451627566157902,5.392997669332975e-05,0.0,0.0,56.70383429998765,0,0.0,False
1.0,5.0,True,0.1452458311937809,0.0419277369732837,0.47826118688378877,0.04124384224099797,0.5454194661237987,0.00011546418302959462,0.0,0.0,55.96171012002742,0,0.0,False
1.0,20.0,True,0.17243469696042152,0.061963717288098574,0.5505785084704279,0.04252032075186825,0.5459340629235356,0.00018372022753278646,0.0,0.0,56.573238905002654,0,0.0,False
2.0,0.05,True,0.11238535584722259,0.037634551052252885,0.4200054646245929,0.03861742054986254,0.5449645655310924,5.561219323781609e-05,0.0,0.0,57.12577646001591,0,0.0,False
2.0,0.2,True,0.11338844649840615,0.037326390542100796,0.4243355215228396,0.039086052172466114,0.5452525616694751,3.300111754267319e-05,0.0,0.0,55.55632007501117,0,0.0,False
2.0,1.0,True,0.11664616218177187,0.035614786924809266,0.43734125320237605,0.04012846697233331,0.5453352764187235,5.508749291920611e-05,0.0,0.0,56.374966129988024,0,0.0,False
2.0,5.0,True,0.12643185513277413,0.03693551695992138,0.47422663052241043,0.04166068990830358,0.5456062920303764,0.00010727742141976358,0.0,0.0,56.84701055997721,0,0.0,False
2.0,20.0,True,0.14930513052331568,0.05389756175729568,0.5326335333608698,0.04317173394842987,0.5460172836357827,0.00019913354779619845,0.0,0.0,55.923177629993006,0,0.0,False
5.0,0.05,True,0.09509814618351153,0.03385550642349422,0.37243604030007055,0.03837333992267471,0.5451172713789583,6.897984229634136e-05,0.0,0.0,56.310804700005974,0,0.0,False
5.0,0.2,True,0.0961198891307165,0.03438195146167347,0.3766331625326052,0.03885560410678969,0.5454892179439357,3.220545293114103e-05,0.0,0.0,56.338547939994896,0,0.0,False
5.0,1.0,True,0.09860401986219493,0.032735207273072595,0.39044564777821994,0.0399955922943367,0.5455281716194744,5.2594699792623796e-05,0.0,0.0,56.895739444989886,0,0.0,False
5.0,5.0,True,0.1066927493612757,0.03112661051004223,0.4222822089920767,0.041539557175940635,0.5457041096352537,0.00010118941056709548,0.0,0.0,55.97317405998183,0,0.0,False
5.0,20.0,True,0.1250081427654763,0.0443269110593484,0.47652879614533666,0.04342900002661515,0.5461323027834158,0.00019566104433305643,0.0,0.0,56.05845849499019,0,0.0,False
10.0,0.05,True,0.0858370142216253,0.029354822236874287,0.3483091458914252,0.03791609604630804,0.5452165412912563,8.77155810815094e-05,0.0,0.0,56.47257699001784,0,0.0,False
10.0,0.2,True,0.08654383083591283,0.029268264283957665,0.35091421606268713,0.03840023202556618,0.5456504614609662,3.172117582765154e-05,0.0,0.0,57.88143466499605,0,0.0,False
10.0,1.0,True,0.08864024552787661,0.029368233359421195,0.35637460319431974,0.039548140592997195,0.5456827181830258,5.107826127569309e-05,0.0,0.0,55.69902598501358,0,0.0,False
10.0,5.0,True,0.09537840597514095,0.0287932628207114,0.38545209171374206,0.04111715277776362,0.5457491911071257,0.00010163690869027667,0.0,0.0,56.33101224499114,0,0.0,False
10.0,20.0,True,0.11066950820877611,0.03852810593944413,0.4178726490716473,0.042934616191404165,0.5461595811336866,0.00020374314197196022,0.0,0.0,57.221366174999275,0,0.0,False
