realised,predicted
208.53695961326784,207.9805419981944
130.9326798792846,130.8538331916346
160.7159240929206,160.6708329789732
4.834175777527018,4.174484207589903
99.5869717696642,99.50726458561229
101.59706540762001,101.85108142418132
100.9663027344864,101.78796457494127
93.16025557137246,93.49596036785148
44.87719738594924,44.057491883683205
53.49022631810076,53.47987985290476
49.95129797698412,51.09747898085112
93.34764703770622,93.9728310182629
203.31619941618672,202.8434024221326
88.76985044438425,88.36680739071248
39.0785829634363,39.18261525735188
65.51180919496879,65.29516742601702
16.595220234709707,16.835260051077086
202.80036250022383,202.32339572164332
8.57520284509523,9.115890641913918
31.152613802367213,32.348543016523244
49.20948465967178,46.98096549770381
50.06353890599625,50.31762210009735
42.26668414628403,43.00642169278166
131.1526394632679,131.04984041874326
147.79037538959258,147.8650694890488
24.43357401163422,22.220677783906908
233.75920871864935,233.83076275919802
47.87883835222567,47.907631391196496
64.54891211325724,64.54878704112195
230.72713454125793,231.2886785561969
256.8680371964596,257.3192373165723
117.47838937306122,117.70276311484815
16.53773077266986,15.848306730854652
20.944242164125733,19.03394386762087
24.758750906023817,23.33569978880211
104.74071253395383,105.44358446470568
45.30016602323989,45.584104072017176
18.926874421830888,19.814173640833484
125.04786727231657,125.24307810401764
106.23135576042279,107.31654748157983
62.61985814849427,61.08198936347911
65.9068197774468,66.44465611432192
69.66636506746696,69.66675343125915
24.76986405697786,26.017782860829733
18.352105491616747,18.488259578021108
51.317939966578095,50.06582725413205
50.505296221829596,50.669470420959
93.70169137115901,93.9751845120197
70.92219664712442,70.87556714089303
9.148030936595124,9.75634386757024
53.832897661083486,53.97450057310058
97.6179326180095,97.52527914663565
15.658678305135691,14.894395779551296
35.813603024031245,36.397719171170365
87.1856681646151,86.70836386530523
106.74943043438769,106.53833864955644
85.97641419319508,86.04282697709093
42.3447061461958,42.205915937846164
145.78108821723774,145.43376383120267
144.2092035925852,144.51493573731813
7.733157763292269,9.62774561797801
160.29596515160537,159.7497916106637
78.52311451558072,78.85244872156535
38.88120329918712,39.47763943348007
200.12017436861385,199.74074059991884
37.351837548616245,37.34193598794276
271.59370193989713,270.9105172031682
65.0876924735548,66.85178414514768
21.975898643082964,22.239504846075945
68.45425458055442,68.26713548222918
119.99172972831465,119.90727655073621
96.42501543412708,96.66445598377742
26.415050928093137,24.47940798600803
130.65852029996483,130.2187435548783
42.77651623708366,44.11048291708893
47.94124216704691,47.71929744004488
9.357850431304081,12.07038883628373
50.837242352440974,51.70252473560847
51.96860592461373,52.855156478659985
111.02459482377837,110.81569431262677
138.07262347228564,138.30905331787974
122.24859665898435,121.8619309670967
6.4752602380873885,5.379347007870999
76.58442419114013,75.99334546266262
104.59748373242141,104.17360440169034
14.018519101238613,15.004140810349535
44.896329441362035,45.133492751530454
25.238682481001433,25.02345655836555
172.03624121660033,171.65847556684204
129.4118520639003,128.50467534868642
162.29720735686126,162.60431349496997
29.746386658858157,27.93868064195591
64.81472076661098,64.77158396104761
108.21192937504479,108.55957790673179
75.10545645190615,75.113694698236
66.6818668294495,66.32839597426698
26.25366969408758,27.363684583096294
274.9321348029189,274.92322057551314
30.14841867342926,28.950764443359912
58.241113878637,57.88565212066413
65.69278776903646,66.75133457284196
119.7312454291177,120.81035056814837
109.62052664103292,109.23023372553291
126.24133862072208,126.34989132029655
93.14195531701911,92.74220853371946
43.771302494951286,43.747250121228426
145.0343481203345,145.12913530705595
55.250060343553976,55.39817310485896
74.66625968298561,74.12571830647431
70.2795336017786,69.53995624969632
82.34683180773204,82.39417178888918
98.38430523775594,98.38547297239921
149.63136412940537,149.7072835469231
150.75856791613256,150.21740049506198
90.71673885499285,90.39296973099391
19.025820713742053,15.416037802690164
109.83688017328033,110.27155309983989
42.606688495474216,40.79881956525178
21.103880143756548,22.2116483050343
96.90275801291725,97.06033976788173
87.07469852222438,86.49749712686737
54.39079774467352,53.998678333676345
72.20143275723467,71.6680164433814
45.86328117445436,46.47381501371003
29.068618873881615,28.899314695037162
63.366413267384836,63.09553669006526
22.362745975866563,22.575202104578988
33.719782709283976,36.63417007881648
72.56908204380579,72.15616227391946
36.63024352359837,36.960268710303865
42.743024501006495,42.70598344001601
56.567152228497676,57.04341082453581
27.293946720928535,27.09015805125856
41.77960514940909,40.59552820316696
96.47067568811337,97.13287851668444
73.76925075124768,73.94670660867281
45.46472110190898,43.429402392392845
26.670322626887703,25.697700067262193
41.10058341731994,41.08985614734119
92.68775422854169,93.17789667131403
5.5391685277619676,4.082469725277229
87.98028350935087,87.73215145640218
151.94267940446426,150.6042096994961
146.04073104766616,145.8196811396733
27.05829212821727,26.85407283781208
18.064738273777195,15.358248735693657
181.3989572718952,181.59162629604202
35.4335500979927,35.06787322770966
62.1239243963306,61.473905987193966
126.68971522325329,127.23211658715479
29.755889618709876,30.654251535785793
100.32073182237357,100.53704832550098
15.770072004845709,15.933870285492262
86.9684280612948,87.3941310670414
7.149988062221675,8.245346712934122
155.0841891995429,154.8384042442921
71.2812436656354,71.33853794533754
76.39563131981424,76.11337772977265
59.12320068148177,59.13253823449861
72.46508035976545,72.1260067581368
71.87690183010082,72.11929865266757
3.11077583917368,0.4721748226346492
68.69715489427556,68.43181668800415
44.04308138317557,43.993308712718694
169.5863516114193,170.03519844756278
17.25178675217695,16.338790265414186
87.38043100762677,88.16733208208935
95.95185847964547,93.90253205798463
13.7296568864157,14.747417531432852
23.40936401766179,22.863230369161997
92.67551860813187,92.33262011978518
28.097406672574717,25.90489356346167
69.70614964158423,69.49354353350704
82.0086145943351,81.93225431225962
25.676888357338488,23.19854958500728
34.09096194100832,34.16868866474049
40.90017562935452,41.04247253280013
60.87536999215251,62.17186240473336
234.7003845270001,234.37365336648168
89.36414839646675,90.21477080387916
7.2798195309372975,6.927292783045964
149.75377920309685,149.67692309450612
23.920448684835492,24.939527844780116
7.661111488226476,5.261924603029303
74.39255752276131,74.63609119635016
37.91548700458186,38.32576822680809
157.7932359448299,157.7450903689361
145.03683076067045,144.67260125319876
52.46520159336701,52.44857784211863
46.5546641084961,46.53364836117088
57.59960609583649,57.72270479463987
17.65051256444104,17.4062286554426
112.73271372951659,112.93404185912918
229.96513888114976,230.70915838420848
125.24503892953885,124.66291212827
37.27645644237828,39.37948996837056
48.363020636907265,47.33825214579541
61.5153314558078,61.11066927027634
131.1335776838901,131.29000493694406
151.1299034817994,150.66213099900992
21.28745955054094,21.148691233460475
49.57152504379395,51.151880132778444
55.368997154074314,55.05221991586213
100.94932599149595,100.66478182307698
156.34984929124872,156.67949111608294
12.868370503484755,13.176428978685246
102.82590584793023,102.85637640263684
27.003151769647772,26.291200416401864
53.7878926436663,53.30672716155527
73.95197217377365,73.91428730183334
49.79706445571621,49.649416862596304
46.565380289460784,47.82371432356829
59.7132294860227,58.39544720997398
59.00044696115726,61.44702130035042
33.27164989061418,32.44277299121497
34.82971179305428,33.37898794103791
49.64580825013212,49.830105267378315
30.780546420325013,30.76565878269221
50.437021015487915,49.16504855403564
45.836684676663076,45.544179844587205
46.70803162835667,46.00602646024454
61.977851823865,61.83615286563484
79.19431263842087,79.4909777682476
254.12804738204994,252.9355592055143
75.40683249766455,75.05175807627585
64.05280459277137,63.57929821534126
78.86740265551475,79.0374741119319
47.99129541102346,47.70910662993296
27.038618156637533,27.183661226863027
230.9547322791696,231.15545602965238
83.91557174402894,84.15613932216156
30.76067568430331,30.930324431366554
41.98739388565696,42.50960940523846
56.219066928608314,56.846475548356445
58.206567763243775,57.73069742800167
29.383304680643317,26.203238359904166
45.6609412772979,45.45203453297145
179.56501553379343,179.40588761841394
117.00812462832339,117.48150305234857
49.061002255798165,48.8782985718899
30.997816973688487,31.75403696329762
64.31594074965427,65.04079620465222
31.5726992558203,29.166224162564365
10.961409830033748,10.330299541004921
20.995165499847843,22.062229215631227
17.417872783925162,17.265418722053134
50.27137065738573,50.30491100115817
7.395840260927019,6.306063372516352
107.18412623552304,106.93455547973473
71.62091208014145,72.03939436245629
31.79728846206029,32.00975024729878
67.44239101924968,67.4120298991904
24.753665868574352,23.99378220284898
69.2287837085925,68.40490704008803
194.40040687680434,194.55298727792524
32.79366131990993,30.884984218121726
