,0,1,2,3,4,5,6,7,8,9,10,11,12,13,14,15
-1.0,0.001006334692195689,0.16317187647970482,0.2798930324573281,1.193257229487409,16.854954526710706,18.028287412530116,23.222551229436146,112.94935224278277,126.54334700248859,197.87954256775362,261.2921358423433,378.8292858417347,472.67462876942346,773.0017326984232,1010.7814364378454,1518.8027120881973
-0.975,0.0010066241895902498,0.16268461984190724,0.28061234058748263,1.1902675462260597,16.836046336309774,18.052691894087754,23.153572242131624,112.82364210072232,126.3819434984478,197.59184519280774,260.9227393225113,378.4860086004231,471.99767259157636,772.2858345361724,1009.3801899217436,1516.3122705320973
-0.95,0.0010069409464314634,0.16215369181095496,0.28134572680298603,1.1869673520512143,16.815680947554895,18.077814667495353,23.079609448945888,112.68564645533735,126.20456254670077,197.2801331584459,260.52026708920164,378.1047475057698,471.26136704324523,771.4930660017978,1007.8586938773557,1513.6034224582627
-0.925,0.001007288926258363,0.16157474448195014,0.28209478124734566,1.183332857775554,16.793673629084772,18.103712030796686,23.000168498256414,112.53404926013026,126.00917018268908,196.94150656800988,260.08052379221436,377.6808591969703,470.45865744086757,770.6131937496295,1006.2025128462913,1510.6498808689616
-0.9,0.0010076728265423747,0.1609426764791467,0.2828611019989141,1.1793382213481565,16.76980508250788,18.13043682557545,22.91469330773902,112.36732840307367,125.79342247519787,196.57262119810014,259.5986499956613,377.2089057036818,469.58135974999163,769.6342449050876,1004.3950366311406,1507.4212110381427
-0.875,0.0010080982384394592,0.16025145984048544,0.2836462229197091,1.1749552732488393,16.74381422367956,18.15803299447169,22.822558832532383,112.18371314751388,125.55461190715869,196.16960976661153,259.0690030229873,376.6824891441031,468.6199431943745,768.5421685883857,1002.4170985295904,1503.8820763857582
-0.85,0.001008571846124941,0.15949392524399303,0.2844515079631489,1.1701531788233699,16.71538934867325,18.18652735087459,22.723063791202907,111.98113138971499,125.289603552663,195.72798782439,258.48501465980786,376.0940482418839,467.5632663326768,767.3204258442895,1000.2465191831126,1499.9913364127574
-0.825,0.0010091016758929769,0.15866149658146475,0.2852779998004073,1.1648980181455493,16.68415730198673,18.215917277123022,22.615423943817863,111.75714413415083,124.9947589612061,195.2425410211862,257.8390209789717,375.4346073332919,466.3982560199068,765.9494918994991,997.8575603190571,1495.7009663444405
-0.8,0.0010096974091226868,0.1577438646951716,0.28612620656657406,1.159152257076781,16.64967016711126,18.246152437643676,22.49876697057254,111.50886391692137,124.66584521475578,194.70718976397583,257.12205856888124,374.69346623041423,465.1095162154687,764.4062509334227,995.220269115402,1490.9547618616841
-0.775,0.0010103707764567388,0.15672858922092758,0.28699580513085954,1.152874073532395,16.611388875517747,18.277107605950928,22.372130766365984,111.23285307304177,124.29792608664762,194.11482638320544,256.3236202745429,373.8578164676676,463.67885060416376,762.6632589605376,992.2996895366277,1485.686784855549
-0.75,0.0010111360538988512,0.1556006173520671,0.2878852321614239,1.1460164894169154,16.56866297172362,18.308542118548086,22.23446827705711,110.92499671367047,123.88523159053724,193.45711881424663,255.4313621802365,372.91226599917223,462.08467937354936,760.687844819537,989.0549115919584,1479.8194974044143
-0.725,0.0010120106930863657,0.15434170958866497,0.28879112482432234,1.1385262397187885,16.520705569634913,18.340038856127652,22.084664274073482,110.5803440244536,123.42100145257828,192.72427344810401,254.43075196178853,371.8382502572865,460.30132616502914,758.4410124773606,985.4379228413331,1473.2615210992387
-0.7,0.0010130161179370085,0.15292976617314855,0.28970756056135455,1.1303422837256036,16.466562276535218,18.370911238109485,21.921573459413032,110.19290999381363,122.8972971679557,191.90474816908372,253.30464692487513,370.613302589451,458.29814614835885,755.876099733005,981.3922183916734,1465.9049475349595
-0.675,0.0010141787357243312,0.15133805537981052,0.2906250292350118,1.1213938265299046,16.405072530922443,18.40005909381228,21.744096410998768,109.75542792814059,122.3047763265985,190.984904649393,252.0327880733024,369.21015150623674,456.0384604053716,752.9371388576095,976.8511158666915,1457.6221136306967
-0.6499999999999999,0.0010155312226004037,0.14953435817106867,0.2915290501185198,1.1115976686268705,16.334821381422127,18.425740953453037,21.55132260666751,109.25904114983463,121.63242185371259,189.94858671101795,250.59119453988095,367.59560610406913,453.4782555600054,749.5568537890782,971.735710242815,1448.261743331012
-0.625,0.0010171141480153447,0.14748006559845195,0.29239831997316856,1.1008546338025138,16.254079207659572,18.445207307366058,21.342792096406054,108.6929202237861,120.86721780079024,188.77660905438057,248.95144090884162,365.72918496606536,450.5646013762867,745.654216557976,965.9523900380093,1437.644346945732
-0.6,0.0010189780294131193,0.14512929888526158,0.2932022464778344,1.089044737533138,16.160726234340984,18.454102503822646,21.11896358297716,108.04379017813686,119.99376251949968,187.44613807289358,247.07979881717233,363.56143878176823,447.2337339230468,741.131473546537,959.3898215057751,1425.5567641587245
-0.575,0.0010211859130423375,0.14242817056253987,0.2938976844795977,1.0760206488801982,16.052157911650955,18.445498477246776,20.88202054538171,107.29535097079669,118.99380977160666,185.92994422863896,244.93622453430214,361.03191466072127,443.4087498563445,735.8705418315337,951.9152923337538,1411.7457422710304
-0.55,0.0010238165855552418,0.1393143704762707,0.29442465452212285,1.0615988733649941,15.925166349790565,18.408437305322142,20.63713292383777,106.427574775724,117.84572911273273,184.1955043600615,242.4731773093153,358.06671373487416,438.9968619079598,729.7286707594774,943.3702933233037,1395.9104671822322
-0.5249999999999999,0.0010269685286664494,0.13571734194957039,0.29470079267680416,1.0455479600366986,15.775792078627687,18.326207415216263,20.393944439449815,105.41586697037285,116.52387962233703,182.20393380353823,239.63426128343187,354.57560822245154,433.8861827524375,722.5332703705958,933.5652104531713,1377.6940268237588
-0.5,0.0010307646922313371,0.13155940351686868,0.2946142758578765,1.0275729541322425,15.599139626716038,18.175866354958398,20.166769272836248,104.23008627950087,114.99789715095996,179.90873490484734,236.3527000456975,350.44871766686066,427.9420438129013,714.0758372177637,922.2730094980825,1356.6739106624723
-0.475,0.0010353581129095204,0.12675825252860806,0.2940150208543429,1.0072953608724649,15.389150092371946,17.932325459412098,19.97018370035621,102.83343676637237,113.23190692645763,177.2543646270637,232.5496825390304,345.5528087237961,421.0029326268255,704.1049776725033,909.2218366526598,1332.3518740452835
-0.44999999999999996,0.0010409382723018269,0.12123132607514314,0.2927041247845492,0.9842282099138604,15.13832447620304,17.5774701978781,19.80954862969951,101.18127497059832,111.18369399419413,174.17465621703758,228.13266940336067,339.7273963221704,412.8762702747798,692.3186682866769,894.0865580300576,1304.1438819307461
-0.42499999999999993,0.0010477378655286032,0.11490244412983168,0.2904218879795234,0.9577466789272885,14.837393482854486,17.10563283332768,19.675172788757113,99.21992539064726,108.80389870413401,170.59118816611382,222.99383028096926,332.78101063913795,403.3344819541061,678.3561478968167,876.4794622154436,1271.3714779428828
-0.3999999999999999,0.0010560392731952426,0.10771096315736761,0.2868354630818626,0.9270565793407854,14.474932433697488,16.519209396277958,19.54638122276556,96.8856730314859,106.03536099978908,166.41179148431613,217.00890866830446,324.48828535686687,392.11218195002675,661.790275206085,855.9407227239029,1233.2569151993255
-0.375,0.0010661794282978984,0.09962328093184405,0.281528362511233,0.8911664860110853,14.036921107668897,15.82178231509103,19.39823813167884,94.1042077453787,102.812826818576,161.5295399145447,210.03699814242862,314.58895387864914,378.9058476333048,642.1219048100321,831.9298673090425,1188.9258702963507
-0.35,0.0010785508319535303,0.09064595741589045,0.2739958816998636,0.8488753354829807,13.506242724751862,15.01557563307596,19.20429755235582,90.79093216799062,99.06336754696181,155.82279302104422,201.92198045678194,302.79044422887563,363.37813626631197,618.7789583610125,803.8205826520026,1137.4236687486223
-0.32499999999999996,0.0010935950365578283,0.08083904535960047,0.26365301570268757,0.7987970633929373,12.86212711958349,14.1027513352734,18.93618331708996,86.8527080702426,94.70806509218723,149.15716716383616,192.49673902223756,288.77655253198697,345.1700062293862,591.124533472445,770.9029037978701,1077.7537248128908
-0.29999999999999993,0.0011117826887636578,0.0703276723293089,0.24986445955797118,0.7394582412719807,12.079855685223269,13.088377134491118,18.562321911228015,82.19180075215726,89.66578405358932,141.39068172264714,181.591730578541,272.2256079736538,323.92495516500907,558.4807051989114,732.3994424240047,1008.9501552940205
-0.2749999999999999,0.0011335708632258298,0.059309809998132436,0.23200907646202318,0.6695231593893826,11.133078291980482,11.98216607526474,18.047030257444163,76.71300928396315,83.86014374287721,132.3837161510841,169.05006398515079,252.84246654412638,299.3307359256201,520.1775961035991,687.5059968731063,930.1995906551346
-0.25,0.0011593238618814708,0.04805888942084396,0.2095922840130745,0.5882182355246893,10.005737235008125,10.792202249532545,17.35057884011204,70.3353276327501,77.23095959322053,122.01570215075932,154.75183654959616,230.4092311040264,271.18436990049184,475.64042639380585,635.4715750114893,841.0285311254594
-0.22499999999999998,0.0011891789596567479,0.036921870564555766,0.18241649743799648,0.4960284428834199,8.711646665848637,9.512849467784337,16.430942723313475,63.01009525830159,69.75112488197419,110.21043994595985,138.6509111513764,204.85909852239558,239.4853363062277,424.52945221436283,575.7375873877148,741.5692890096238
-0.19999999999999996,0.0012228337139134138,0.026317154213412828,0.15080717104683702,0.39568972536441765,7.294944686055946,8.13347828662113,15.248353643657502,54.74833600726985,61.448756661074505,96.9711170143156,120.82701341308596,176.3749883908068,204.55825038981416,366.94634971119586,508.15766408455556,632.9049392237457
-0.17499999999999993,0.0012591879361220628,0.016744066917050823,0.11585844752767535,0.29335395218424354,5.8152233446944255,6.663419290179831,13.774105741851546,45.65969381121746,52.43229351388246,82.42355122149792,101.55359940913586,145.50787280915617,167.19842141278392,303.71072329182573,433.3110725415497,517.4651774563349
-0.1499999999999999,0.0012952857165907871,0.00882997630202815,0.07959091416979028,0.19950601807973667,4.343778513606353,5.145138455673945,12.004601691022497,36.00135782464891,42.91308607976227,66.86000629939643,81.3741485259514,113.29759907273237,128.81949153003134,236.68498743978117,352.89152950274723,399.39318048497074
-0.125,0.0013182915785660229,0.0034288303589179937,0.045020251596424594,0.12852960123866827,2.966673485367748,3.6573033285350878,9.978814034359628,26.22550291814698,33.21337318119025,50.7650039267358,61.15547858494571,81.36731553255433,91.56178471349368,169.0838868612998,270.0835012767079,284.72786560285556
-0.09999999999999998,0.001117660254532908,0.0014576134025411558,0.017438257416028096,0.09382261913568615,1.7849513373464205,2.3126565538669013,7.789179125919992,17.001250462380504,23.7252594459094,34.80441103679066,41.974224224120135,52.022177630138536,58.2918830963788,105.68342112446909,181.0515876043358,189.84384683097795
-0.07499999999999996,0.0010012698233092527,0.0013172125125016914,0.003763634616193493,0.09561986796764076,0.9092734093280176,1.2440378910000707,5.549204187660112,9.175092634405203,14.712005515463595,19.795917271024226,24.150116837698057,28.938536131712922,32.320206737164135,52.994709083864294,96.64865856019009,118.49720056047099
-0.04999999999999993,0.0010030575988666881,0.0012067492623803148,0.001922171783110827,0.0824562712129223,0.42678781991279535,0.5636388986218017,3.19462137235933,3.3465554337181804,5.771095494749989,7.446933816665397,9.64740973601175,13.946102703974447,16.205859823948394,19.84995058959403,38.06961298756247,63.652303809423074
-0.02499999999999991,0.0010004128203270244,0.001014647507441757,0.002684595111793442,0.017478766840093765,0.06729431050148091,0.18392106037286504,0.30092316599684066,0.6397069780794741,1.3990828184642268,2.8090116562383582,3.8841450458753424,4.853612106873095,6.139089194780245,9.116514609833644,10.281549013696585,33.89818608658897
0.0,0.0010000107725856935,0.0010120497758595067,0.012861213613904176,0.04478141860373176,0.0650234340555853,0.15846419682164345,0.5498507863948388,1.0041728746932839,1.7013559492282526,2.291964273147158,2.9243682352841214,5.422010456715388,7.267781852257029,10.20578784398535,25.93822868696862,35.654282923746216
0.025000000000000133,0.0010000012083321702,0.006048259083990032,0.040293870317458,0.10087559746201465,0.30822956127716206,0.8001692338622179,3.1272443424804433,3.6319677820602823,4.939544921757898,6.712952156268128,13.01254025664038,15.139534222776112,25.507698428184113,25.698587876917962,52.77569996950108,88.30691691293549
0.050000000000000044,0.0010151821861766218,0.002882833931742341,0.08381815066751568,0.28262198616306333,1.3354810072150316,1.6254007074605106,4.9574027750699035,8.67603339975087,10.833584020721016,15.091363605355452,23.892696423022986,37.598931651304966,55.68327991112742,68.47236313001648,94.25298441991288,175.63737553138077
0.07499999999999996,0.0010337553301742446,0.012624226240217225,0.12610913082589328,0.5655591033364602,2.6585561498136543,3.2020637991445198,6.670197043316619,15.158570914555128,19.549760753711702,26.35693020423855,39.56886418832327,65.80543313478198,95.20517244938922,127.73338433693819,153.38605513564687,285.5449858306531
0.10000000000000009,0.0010596757270679184,0.02513803662550846,0.1698811326977827,0.8360668464746316,4.211113752022833,5.146503712229163,8.609392474189914,22.88848155612984,29.761651491204194,39.781792874904106,58.358730247140606,97.15810283369821,138.6066349476102,196.76654585463663,226.47088497854327,408.9595062571915
0.125,0.001086338975200979,0.03716018583063097,0.21187338721310373,1.0546844911063396,5.932148850705796,7.13440472127956,10.66915889692424,31.414466206651433,40.569709413344036,54.38099478660908,78.60985020706448,129.39216804779215,182.60397636898017,269.16837828466225,307.6361390876563,537.312829438965
0.15000000000000013,0.0011069058034609569,0.048405687630808505,0.24902076544826074,1.21718153724464,7.66889925955712,9.030220126895765,12.737926395897537,40.18237368787136,51.26795910943998,69.22041022954205,98.95532273020844,160.65399977277482,224.96070927000176,340.2450373278815,390.8467082845495,663.5395842049204
0.17500000000000004,0.0011178799703960925,0.05902786010065317,0.27998619165549504,1.3304823258210603,9.301689181396313,10.761135298591507,14.730687846719958,48.70885217382808,61.36027464689545,83.56635157035583,118.39034056625395,189.67324118434018,264.16483811342954,406.87845102505577,471.30329480135595,782.545006369459
0.20000000000000018,0.0011193356106777039,0.06914787312532596,0.3046794256432867,1.4046600340854198,10.757508163457901,12.293971939844983,16.59052831550228,56.64596665660018,70.54947399446053,96.92487402661496,136.27024782146614,215.7398443647649,299.35884899036324,467.2150548235877,545.8474352737795,891.1766405228803
0.2250000000000001,0.0011135714493726297,0.07881350712093993,0.323672625862635,1.449794046228705,12.003943009790998,13.622818043144305,18.284395521143058,63.78789617351015,78.6994409278071,109.01851828224156,152.25688125245648,238.58667718408606,330.2180949154072,520.4170966537148,612.7730845526443,987.908689272191
0.25,0.001103512834952269,0.08802457548795356,0.3378092588195318,1.4745790034982276,13.038063819529734,14.758262188513994,19.798063678820267,70.04904673931827,85.78886531743237,119.7378653159235,166.2438685096016,258.2516458455517,356.79799580794725,566.3891598563214,671.4717055638084,1072.4254534719155
0.27500000000000013,0.0010916735345633788,0.09675917734375389,0.34798478345235295,1.4858580833641835,13.875380943742408,15.718993520264478,21.131161544974916,75.43163074455558,91.86916983255466,129.0902848254062,178.2825475433881,274.9568261634167,379.39138405652756,605.5158628228814,722.0766166744461,1145.2196382869668
0.30000000000000004,0.0010797782103600254,0.10499133531714977,0.35503595811849437,1.4886739625337087,14.540748777363351,16.526518146405223,22.292584633649877,79.99357990827913,97.03179763021008,137.15605350914655,188.5195039533846,289.0173180835137,398.4155452850797,638.4481756770573,765.1661162528161,1207.2596426606651
0.3250000000000002,0.0010688031677896733,0.11270094165699976,0.3596918571425279,1.486557242500118,15.06190092317039,17.202303544571684,23.29665236599954,83.82225901465661,101.38533787862991,144.05488060764583,197.14929820645216,300.77946858301686,414.33246707185,665.9490752610147,801.5420453826182,1259.7410793335698
0.3500000000000001,0.0010591778813446463,0.11987831804225209,0.36255895867127574,1.481875664499064,15.465543157498903,17.766338563778277,24.160203982846628,87.01564377101597,105.04087785426891,149.92246810653532,204.38180283401118,310.5829062337713,427.59802262391497,688.7929302298095,832.0794073823085,1303.9171326345495
0.375,0.0010509942451797395,0.126525336112369,0.3641246650249837,1.4761537766982111,15.775413527385114,18.236465532137117,24.90060547807256,89.67038246315792,108.10346392707565,154.89537912898714,210.42165744937446,318.739813832738,438.6332267286712,707.706783426307,857.6335600607231,1340.9932926689955
0.40000000000000013,0.0010441652612510482,0.13265450951538507,0.3647700512524623,1.4703299256249975,16.01160346058757,18.62816388110914,25.53450966468267,91.87519809520795,110.66775673726288,159.10216140332454,215.45680221390265,325.5256668890002,447.81078551363737,723.3411324345642,878.9894797279244,1372.069790990694
0.42500000000000004,0.0010385268468183781,0.13828704233928435,0.36478625701889345,1.4649479136153678,16.19057891225987,18.95460372384627,26.077175158068773,93.7079573254008,112.81638324374977,162.6588363356232,219.65325730448325,331.17702284598244,455.45136964916577,736.2597561179193,896.8392531159091,1398.11656225176
0.4500000000000002,0.001033895523870736,0.14345050113952248,0.36439122494053416,1.4602932689696622,16.32553705572798,19.226845437214106,26.54216678451339,95.23500696424729,114.61990519663154,165.66722715323056,223.15385867990608,335.89327207501293,461.8255151082794,746.940789717835,911.7770085019713,1419.9686359938662
0.4750000000000001,0.0010300972655714524,0.14817653443821857,0.36374501923410013,1.4564870705774429,16.4268871528652,19.4541007294126,26.941296871204802,96.51176569191617,116.13766887972304,168.21499846147253,226.0792739720593,339.8403365056218,467.15838241221365,755.7837206573416,924.3036392376765,1438.3331883931069
0.5,0.0010269794716534614,0.15249887777860296,0.3629629559310577,1.4535490790408692,16.50274299741314,19.6440034586959,27.284705920119332,97.58390941762474,117.4190624164145,170.37663149293047,228.53016606988828,343.1550860467833,471.6356365921406,763.1189257402699,934.8363007202869,1453.8023690399173
0.5250000000000001,0.0010244139748343828,0.15645174802606296,0.36212637702731476,1.451439452549186,16.559372890090913,19.802862806701864,27.58101439777808,98.48875349180652,118.50489310243948,172.21483398355105,230.58979356734358,345.94977466646253,475.4094389996788,769.2177596901365,943.7196138235919,1466.8682270487247
0.55,0.0010222957723307641,0.16006864193563805,0.3612912232264634,1.450085859298927,16.60158607338749,19.935887047156662,27.837502568605412,99.25661416912986,119.42872297312132,173.78208069432688,232.32663553518137,348.3161376216536,478.6040211732632,774.3021243406146,951.2368421971237,1477.9376117045172
0.5750000000000002,0.0010205400523745352,0.16338150264538281,0.3604947024106644,1.4494007821661472,16.633052091049976,20.047375012527773,28.060292972358976,99.91204376977824,120.21808150323032,175.12211322833988,233.7968245200141,350.3289965809206,481.320606439664,778.5530190939621,957.6201644202378,1487.3459396523228
0.6000000000000001,0.001019078828690459,0.1664201937441008,0.3597603882398043,1.4492923082006701,16.656558063124493,20.14087679690784,28.25452181396367,100.47489943452975,120.89552338774956,176.27131234725778,235.04629308260408,352.0493361748098,483.64161569297187,782.1179069854016,963.0596758524775,1495.36934783358
0.625,0.001017857775446212,0.1692122144558795,0.35910206572283054,1.4496706294932062,16.674212318422526,20.219327099975956,28.424492838420743,100.96124091690868,121.47952731743256,177.25990719403472,236.11260946709078,353.52687690299996,485.6341848359045,785.1169118644301,967.7110448182286,1502.2351145147854
0.6500000000000001,0.0010168334913890824,0.17178259368056537,0.35852659917710006,1.4504517473794478,16.687603567955318,20.285155126645627,28.573811596731726,101.38407033038473,121.98524624452925,178.1130151134273,237.02651548187345,354.8021975930791,487.35306408675774,787.64795039249,971.7018977350901,1508.1304248835513
0.675,0.0010159712428577713,0.1741539097077584,0.35803605005651057,1.4515593740199646,16.697924218489984,20.340374817910064,28.705500418463416,101.75393389340921,122.4251261223449,178.85152127062167,237.81319722403765,355.90847002886386,488.84298432583114,789.7909369007702,975.1370748181793,1513.2096489663077
0.7000000000000002,0.0010152431442513833,0.17634639298145677,0.35762922639794564,1.4529256909451793,16.70606529314948,20.386658782353024,28.822095623888536,102.07940725759316,122.80941195669048,179.49281446939042,238.493325351059,356.87286774053064,490.1405757147519,791.6112041433822,978.1029184144878,1517.600331472776
0.7250000000000001,0.0010146267150613105,0.17837807938979255,0.35730280586259683,1.4544914005327905,16.71268916030024,20.425398816892752,28.925729017840762,102.36748477726134,123.14655939279463,180.05139798202882,239.0839014939662,357.71770548521266,491.2759166369159,793.1622733090632,980.6707520496043,1521.4080928039048
0.75,0.001014103746904012,0.1802649902946358,0.3570521414865972,1.45620535714934,16.71828507551896,20.457755438419984,29.018195816489005,102.6238906709275,123.44356827682566,180.53939400722035,239.5989442905923,358.4613586062526,492.2737809533265,794.4880907624045,982.8996929149528,1524.7206242344255
0.7750000000000001,0.0010136594144997246,0.18202132260569362,0.3568718330232509,1.4580239651577982,16.723211498671972,20.48469843084547,29.101011056310142,102.85332729041619,123.70625242098937,180.96695888052062,240.05004421457602,359.1190038375974,493.15464100908775,795.6248314884673,984.8389210698882,1527.6109376293475
0.8,0.0010132815821855192,0.18365963768692206,0.35675612625468417,1.4599104646434007,16.72772828105291,20.50704005466343,29.175456333891933,103.059673078195,123.93945756702546,181.34262413591853,240.44681187049238,359.70321600874126,493.9354739374116,796.6023524603108,986.5295089221669,1530.140006136409
0.8250000000000002,0.0010129602605624532,0.1851910419842913,0.3566991869010486,1.4618341815239841,16.732021117686738,20.52546226680163,29.242618489977968,103.24614044578522,124.14723748277713,181.67357637792526,240.7972402090247,360.2244488407149,494.6304100910711,797.445364188442,988.0058964280048,1532.3589097314684
0.8500000000000001,0.0010126871805110225,0.18662535520839185,0.3566952837586387,1.4637697893364499,16.736220106156352,20.540539051009212,29.303421616101893,103.41540180556164,124.33299632163076,181.9658868907142,241.10799739792677,360.6914226923057,495.2512550202417,798.1743758852787,989.2970816504167,1534.3105794348094
0.875,0.0010124554587897356,0.18797126397805294,0.35673890666876873,1.465696610573762,16.74041382112716,20.552754755864658,29.35865354466234,103.5696903299992,124.49960384264648,182.22470008481073,241.38466392089242,361.1114376796257,495.8079102599322,798.8064589607984,990.4275829710175,1536.0312168106036
0.9000000000000001,0.0010122593337001601,0.18923646022214285,0.35682483814309973,1.4675979726796329,16.744659979626494,20.562519171404272,29.408987790611565,103.7108806625,124.64948881558267,182.4543882967239,241.63192484564271,361.4906269561581,496.308713155852,799.355864761238,991.4182182148878,1537.5514509382176
0.925,0.0010120939555930172,0.19042776454553026,0.356948192428652,1.4694606255388962,16.748993515559015,20.57017993993459,29.455001746902074,103.8405537182419,124.78471489094952,182.65867911125386,241.8537260480317,361.83416199105193,496.7607118837202,799.8345253122089,992.2867369467727,1538.8972831366668
0.9500000000000002,0.0010119552218510754,0.19155123531710042,0.3571044320456521,1.4712742220297386,16.75343268581885,20.576032786278905,29.497191795283303,103.96004884747575,124.90704236764415,182.8407602508509,242.05340143264826,362.14641930792027,497.16988854425597,800.2524600651622,993.0483349234618,1540.0908599956113
0.9750000000000001,0.0010118396420645047,0.19261226454927122,0.35728936905960706,1.4730308599527668,16.75798368091563,20.580329962941725,29.535985876529637,104.07050594670844,125.01797860719307,183.00336614518358,242.2337767848048,362.4311162425557,497.5413405998076,800.6181070266714,993.7160738471665,1541.1511073756428
1.0,0.001011744232807261,0.19361566178545261,0.3574991563175429,1.4747246817471853,16.762644099395754,20.583287232623487,29.57175396674581,104.17289956024567,125.11881929497011,183.14884952904382,242.3972547627353,362.6914217569566,497.8794288338442,800.9385929593831,994.3012248955288,1542.0942516711343
