diag_circle,diag_fig8,diag_stabilize,chol_circle,chol_fig8,chol_stabilize,full_circle,full_fig8,full_stabilize
-0.3759627633774728,-0.39072628678955185,-0.3686384798621046,-0.3729804683642206,-0.3852605238648059,-0.3666288705336808,-0.38347248025105873,-0.39652916224013596,-0.3845662540483179
-0.09357027894540607,-0.10750734560430952,-0.08063369372509616,-0.09496288607724059,-0.10381420294551344,-0.08687546696915643,-0.12328259473738781,-0.13571887236319058,-0.12161012631889924
-0.03800747187058769,-0.04786521637636294,-0.020654111816612825,-0.035135743725242544,-0.04366656698667121,-0.02619236511519405,-0.0665102971467127,-0.07568041095777055,-0.06850819671759462
-0.031376005487641356,-0.03925726384378928,-0.0113875307836524,-0.026367793295945817,-0.034773113401153494,-0.0204686313843985,-0.05953790124075119,-0.06441085403650579,-0.059390314030443356
-0.028453134007796,-0.04164728651225047,-0.01010011885205784,-0.023990675975296784,-0.03339036290812419,-0.019332080970595397,-0.05711232957769809,-0.06284853859682743,-0.059128408131985014
-0.028339729088192198,-0.04046907868935124,-0.0095531882274634,-0.02323192122806352,-0.03232404728855228,-0.018511417598162057,-0.05565751211373972,-0.06342778266488891,-0.05530562119803509
-0.3380600610943518,-0.3504441848858504,-0.3315489702807064,-0.3406439581445808,-0.35203084448210303,-0.3373390391828228,-0.36635617955407496,-0.3778532221175577,-0.36534084180388327
-0.14098376018624847,-0.15472651194190667,-0.12768899485547155,-0.15454645472021267,-0.16612202651695251,-0.14955288051496451,-0.17259520701635395,-0.18435551617269835,-0.17638268811786573
-0.04224828504933167,-0.05274121877916447,-0.02515103232985777,-0.0422062106307017,-0.052268277152570417,-0.03630456663304658,-0.07559474017343934,-0.08509366118600989,-0.08481534575123262
-0.031147414239938748,-0.045416760962836415,-0.01280953279936094,-0.026767902418323178,-0.03473598143078449,-0.022525095991411132,-0.058848884513713104,-0.06827552862464586,-0.06683004133332401
-0.029812721002464005,-0.04216391509529127,-0.01132129674376085,-0.0236680990824074,-0.03220471016703544,-0.01813407123243562,-0.055556293817876315,-0.06399437841858599,-0.06288112570365269
-0.02861159646032327,-0.039286601627602766,-0.009940323094933569,-0.023114516715495505,-0.031905883690777334,-0.017936347256485567,-0.05427245277731796,-0.0627504822216618,-0.05871577460040807
-0.25027178510437786,-0.258449975008932,-0.24003635663900644,-0.2491482742513218,-0.2556992836688297,-0.2448373213325617,-0.27723133677279543,-0.2832765370145526,-0.27657269556874864
-0.21019710129083238,-0.21478077598464448,-0.1953323237746601,-0.21857579887062528,-0.2250215590873053,-0.2128116961293346,-0.23462860915434458,-0.23974878952619297,-0.2339638032545813
-0.054678114773250436,-0.06499165735572895,-0.035920534672066934,-0.056663379757763234,-0.06492935393386676,-0.050042992115647535,-0.08668638330684014,-0.08850936227797525,-0.09061819688866243
-0.0360070125654761,-0.04787705633955992,-0.015579785012487734,-0.027879210672895345,-0.03639833875359627,-0.024512576269358342,-0.06353131885380675,-0.06539240834430637,-0.06633519389169926
-0.03366956857850201,-0.04502700697179025,-0.013194843313590561,-0.0239291751455082,-0.03123283167683983,-0.01839800393251221,-0.055830775194130794,-0.06566775404782815,-0.062104720499781114
-0.030363514503008598,-0.04090228890418698,-0.01108907745102557,-0.023279675255569173,-0.03050794598737661,-0.018154210940823135,-0.05431621668573402,-0.0642808448026162,-0.059649708724444354
-0.1602174583108284,-0.1704554128052205,-0.1457938377427205,-0.15750790140340806,-0.164992273732381,-0.15219309870638736,-0.18551198748511227,-0.19233669464291525,-0.1882185470293737
-0.3164785961556299,-0.332545860319715,-0.30475900782913745,-0.3271576025950014,-0.3392010488159094,-0.31849796530202035,-0.34843695836809874,-0.3591410190164027,-0.34105507494125986
-0.07473146434203991,-0.09042605361165303,-0.057028653357675936,-0.0809288533193976,-0.09378031356922806,-0.07190581410794644,-0.10477834971020823,-0.1212276115646719,-0.10901991515301271
-0.03887575668212097,-0.051566368058482075,-0.017952824392570798,-0.03243907990324319,-0.04366964929592211,-0.026543477722515068,-0.06521022628335618,-0.07755450204309022,-0.07217195867001616
-0.033329205325689566,-0.0456481836759003,-0.012739255653105266,-0.024837536502130393,-0.035676434368886026,-0.019967368941261873,-0.058617187768849825,-0.06817354299421738,-0.06186142392326681
-0.032270963915951384,-0.04429551353641693,-0.011423526312860904,-0.022731936444469546,-0.03382228152680655,-0.017509858733812302,-0.05575897411756554,-0.06615853784726011,-0.06088680552867683
-0.0319455820409958,-0.04528283022509124,-0.009866946275794363,-0.02273365402183861,-0.034189848591008334,-0.01732664206165095,-0.05466713779787571,-0.06625230312504886,-0.05870556785638509
-0.37332112211464974,-0.38888919662705346,-0.3686203145268767,-0.37894989166317933,-0.3931671101800418,-0.3764731685690848,-0.3994604108298028,-0.4138624888932637,-0.3972938518775179
-0.09625197450036013,-0.11286474827125192,-0.08096153595076083,-0.10620600253829651,-0.11822776687621178,-0.09960386781045401,-0.12069285732015325,-0.1361878715886756,-0.1249759343969919
-0.03848943311009817,-0.049889355350131274,-0.02190552373772337,-0.03760559405234759,-0.04635043078714514,-0.03170612822323614,-0.06589006342824044,-0.07903130448459693,-0.07404797945712405
-0.031539917443180895,-0.041790126515786424,-0.014569709568090887,-0.02495281762357365,-0.03383817357449282,-0.020847147049899338,-0.05804687168567074,-0.06381074974146542,-0.06297990254840621
-0.028222851052834383,-0.04195426738973578,-0.01177811725195757,-0.02257142178251152,-0.03106639936385556,-0.018356758241907616,-0.055963834104031364,-0.061453616944966705,-0.061030281967947915
