noise,ctrl,rmse,maxerr,smooth,sat,crash
off,LQR,0.06784711709987692,0.25555834085145596,1.1771811201588371e-06,0.0,0.0
off,NMPC N=1,0.069208714868195,0.30448972463653834,3.820466911112253e-06,0.0,0.0
off,NMPC N=10,0.06785750141971211,0.2647737702514995,1.722407072669993e-05,0.0,0.0
low,LQR,0.06793164594050313,0.25437116066590626,0.008826152589840383,0.0,0.0
low,NMPC N=1,0.06946855934189333,0.30386622902350163,0.017945021244899842,0.0,0.0
low,NMPC N=10,0.06812394285143068,0.2622355496740405,0.010910948774249637,0.0,0.0
high,LQR,0.07044397563252958,0.25410072179441545,0.12727012578511632,0.0561875,0.0
high,NMPC N=1,0.07156924676365195,0.30171366561756113,0.20084103982960486,0.0021875,0.0
high,NMPC N=10,0.06898220509696111,0.2561270188898207,0.17032307355973092,0.0006875,0.0
