Q_pos,R_rate,rmse,maxerr,sat,crash,admissible
0.5,0.05,0.15114983551694838,0.4897266921162679,0.0,0.0,True
0.5,0.2,0.15227040111653292,0.4907465676969024,0.0,0.0,True
0.5,1.0,0.15640442507602684,0.4969198301007254,0.0,0.0,True
0.5,5.0,0.16908791975805798,0.5129512291956866,0.0,0.0,True
0.5,20.0,0.20142449059498743,0.5563238343924664,0.0,0.0,True
1.0,0.05,0.12961897909133857,0.4584697622436524,0.0,0.0,True
1.0,0.2,0.13077232034038175,0.4601206955634394,0.0,0.0,True
1.0,1.0,0.1342701996896203,0.4623155092921918,0.0,0.0,True
1.0,5.0,0.1452458311937809,0.47826118688378877,0.0,0.0,True
1.0,20.0,0.17243469696042152,0.5505785084704279,0.0,0.0,True
2.0,0.05,0.11238535584722259,0.4200054646245929,0.0,0.0,True
2.0,0.2,0.11338844649840615,0.4243355215228396,0.0,0.0,True
2.0,1.0,0.11664616218177187,0.43734125320237605,0.0,0.0,True
2.0,5.0,0.12643185513277413,0.47422663052241043,0.0,0.0,True
2.0,20.0,0.14930513052331568,0.5326335333608698,0.0,0.0,True
5.0,0.05,0.09509814618351153,0.37243604030007055,0.0,0.0,True
5.0,0.2,0.0961198891307165,0.3766331625326052,0.0,0.0,True
5.0,1.0,0.09860401986219493,0.39044564777821994,0.0,0.0,True
5.0,5.0,0.1066927493612757,0.4222822089920767,0.0,0.0,True
5.0,20.0,0.1250081427654763,0.47652879614533666,0.0,0.0,True
10.0,0.05,0.0858370142216253,0.3483091458914252,0.0,0.0,True
10.0,0.2,0.08654383083591283,0.35091421606268713,0.0,0.0,True
10.0,1.0,0.08864024552787661,0.35637460319431974,0.0,0.0,True
10.0,5.0,0.09537840597514095,0.38545209171374206,0.0,0.0,True
10.0,20.0,0.11066950820877611,0.4178726490716473,0.0,0.0,True
