suite,path,ctrl,rmse,maxerr,tilt,smooth,sat,crash
S1,circle,LQR,0.06793588297127762,0.21655625618424648,0.05369234088674894,0.0008995402794667292,0.0,0.0
S1,circle,NMPC N=1,0.07224738264066487,0.2232885675550943,0.03304864897948219,0.00027920939528279076,0.0,0.0
S1,circle,NMPC N=10,0.06694913176802351,0.20465885147477564,0.04290376535539748,0.0005661128318512736,0.0,0.0
S1,circle,LLTC N=1,1.0096234726523259,2.59337432139417,0.31698214482026027,0.0014421057438346156,0.0058823529411764705,0.0
S1,circle,AC-MPC N=1,0.12197336099631155,0.3536869558726061,0.05402144671193558,1.3887638743318306e-05,0.0,0.0
S1,circle,Adaptive AC-MPC N=1,0.13520592589681907,0.433295547650599,0.050265632170984904,1.022756460421254e-05,0.0,0.0
S1,fig8,LQR,0.06730240072064142,0.22577237500967923,0.06659120725284,0.0014684380628324416,0.0,0.0
S1,fig8,NMPC N=1,0.0725649355060004,0.2498455580817075,0.03615905298756765,0.00035936645412204364,0.0,0.0
S1,fig8,NMPC N=10,0.06476473908279015,0.21342368376995324,0.05718174831532118,0.00123162370348408,0.0,0.0
S1,fig8,LLTC N=1,0.9855757845171572,2.5873012756532714,0.3195808570519312,0.003547185285694297,0.013235294117647059,0.0
S1,fig8,AC-MPC N=1,0.1045299206670066,0.353424005552071,0.06465039668429982,0.0005358240830947502,0.007352941176470588,0.0
S1,fig8,Adaptive AC-MPC N=1,0.13764102742543866,0.5405892764108949,0.07006028680255004,0.000680765579408416,0.020588235294117647,0.0
S1,square,LQR,0.8463072762230823,3.061681222528505,0.5404168298546624,0.025039153399856292,0.4161764705882353,0.0029411764705882353
S1,square,NMPC N=1,0.1890265111368478,0.9057866541212134,0.2787880500098612,0.021929845592427572,0.15441176470588236,0.0
S1,square,NMPC N=10,0.3824146525467777,1.7305506197724234,0.3725910398162305,0.03228371218526638,0.2,0.0014705882352941176
S1,square,LLTC N=1,1.0185712663423727,3.039206387671758,0.5921264040713312,0.0518816876547243,0.2867647058823529,0.0058823529411764705
S1,square,AC-MPC N=1,0.18306174305363634,0.5002889460227482,0.23633653661606674,0.0047282464162287045,0.039705882352941174,0.0
S1,square,Adaptive AC-MPC N=1,0.24195889277167368,0.8232789762658643,0.3007893118208213,0.005530622671529471,0.08970588235294118,0.0
S2,circle,LQR,0.5390290727744029,3.1016062771808772,0.36679463031417775,0.023829362780888364,0.24558823529411763,0.0029411764705882353
S2,circle,NMPC N=1,0.5034898952504772,2.7248385208810024,0.18146307460327002,0.008592659607183653,0.12794117647058822,0.0014705882352941176
S2,circle,NMPC N=10,0.4634825302627043,1.937791405647037,0.3389371645184516,0.024028252406747823,0.2838235294117647,0.0014705882352941176
S2,circle,LLTC N=1,1.2674542329034217,3.0553653409738715,0.5581494367969775,0.04398771605269944,0.23529411764705882,0.004411764705882353
S2,circle,AC-MPC N=1,0.3290308717038098,1.2299463046348682,0.24362363560280742,0.015910158283470827,0.13970588235294118,0.0014705882352941176
S2,circle,Adaptive AC-MPC N=1,0.27884852717758263,1.197439428102537,0.16536489641661484,0.0054673071012434835,0.07205882352941176,0.0014705882352941176
S2,fig8,LQR,0.3846922687036732,3.098730438839524,0.22623453565463444,0.017499630062910398,0.0661764705882353,0.0014705882352941176
S2,fig8,NMPC N=1,0.1116056645540682,0.27121854451118665,0.09244596185928936,0.0031557363722935017,0.007352941176470588,0.0
S2,fig8,NMPC N=10,0.30761618679748426,1.2336508199742235,0.2841746930611811,0.02108834447474989,0.19852941176470587,0.0014705882352941176
S2,fig8,LLTC N=1,1.2563222086148966,3.0493560738789314,0.5123105798537314,0.034702794927720125,0.21470588235294116,0.0029411764705882353
S2,fig8,AC-MPC N=1,0.21306321647875232,1.1737882825779158,0.1797942741715835,0.002947392968415844,0.04411764705882353,0.0
S2,fig8,Adaptive AC-MPC N=1,0.31204011925414754,1.3671990295245005,0.2141426765942911,0.008722461165129817,0.0838235294117647,0.0014705882352941176
S2,square,LQR,0.762940136806503,2.762090487509907,0.5635462589267046,0.020255346704584228,0.4294117647058823,0.0014705882352941176
S2,square,NMPC N=1,0.37262209840125404,1.5208356069911904,0.37766571332687754,0.0302829757855579,0.2338235294117647,0.0014705882352941176
S2,square,NMPC N=10,0.3283155881534884,1.1609451599849063,0.4238264047991378,0.029040089801019457,0.2661764705882353,0.0
S2,square,LLTC N=1,1.1082632410684907,3.0174382932766495,0.6407163208855444,0.04261020021788443,0.3573529411764706,0.0029411764705882353
S2,square,AC-MPC N=1,0.20976997271122746,0.6904923006068051,0.22696442772651831,0.006680389206527665,0.04411764705882353,0.0
S2,square,Adaptive AC-MPC N=1,0.3458665591933582,2.068998774797555,0.3168304228362896,0.009422904206751001,0.08088235294117647,0.0
S3,circle,LQR,0.8621865204658117,2.380959348542144,0.6045720302477365,0.06004862265522135,0.7838235294117647,0.013235294117647059
S3,circle,NMPC N=1,0.6310967251831964,2.1078650435352335,0.36373955499933636,0.022182925208211152,0.38088235294117645,0.007352941176470588
S3,circle,NMPC N=10,0.6996143981939165,2.0251844064910283,0.4913878189932463,0.0371840167951737,0.7205882352941176,0.007352941176470588
S3,circle,LLTC N=1,1.0844338945029905,3.0275040940140623,0.5479573949845166,0.0712597061130326,0.4338235294117647,0.011764705882352941
S3,circle,AC-MPC N=1,0.6463902754881845,2.643368904963513,0.3816097249836709,0.026082552823453977,0.21911764705882353,0.008823529411764706
S3,circle,Adaptive AC-MPC N=1,0.71330182970199,2.609592671483819,0.41474086970873714,0.019765805867130642,0.18823529411764706,0.010294117647058823
S3,fig8,LQR,1.0478860089488806,3.0882750583082506,0.5444044385744999,0.042511898305869884,0.6029411764705882,0.007352941176470588
S3,fig8,NMPC N=1,0.4229799256242612,2.2268686430808966,0.3501021340532236,0.020083151129141216,0.21470588235294116,0.0014705882352941176
S3,fig8,NMPC N=10,0.6295828982097661,2.156455158491632,0.5145607534883987,0.03206050208023179,0.4823529411764706,0.0029411764705882353
S3,fig8,LLTC N=1,1.0506298758937707,3.1088599299357926,0.5571948238596584,0.061391088654442344,0.3588235294117647,0.0058823529411764705
S3,fig8,AC-MPC N=1,0.6989285412877342,2.255993034188444,0.35602354113935514,0.01805667008573341,0.22058823529411764,0.007352941176470588
S3,fig8,Adaptive AC-MPC N=1,0.6319964164768845,2.229332209388722,0.37444570421797874,0.02203747269689456,0.27794117647058825,0.007352941176470588
S3,square,LQR,0.7497705128915664,2.002515721826625,0.6795549262372188,0.03452090729692334,0.5176470588235295,0.007352941176470588
S3,square,NMPC N=1,0.5000859039931623,1.5490134638117123,0.4339273534846312,0.04457596592078712,0.39705882352941174,0.0029411764705882353
S3,square,NMPC N=10,0.6256927786054256,2.093466873640325,0.5626465626138325,0.06331552294609215,0.38823529411764707,0.008823529411764706
S3,square,LLTC N=1,1.3743219122631827,3.0644689174707342,0.6270999494334637,0.06215373731942968,0.45294117647058824,0.0058823529411764705
S3,square,AC-MPC N=1,0.47390939874080396,1.868687348773415,0.38467311164558105,0.022361620227842625,0.08970588235294118,0.0029411764705882353
S3,square,Adaptive AC-MPC N=1,0.6108742946016364,2.234236358245735,0.4631132013281279,0.024251705518115788,0.19558823529411765,0.004411764705882353
