kind,R,omega,period,peak_v,peak_a,peak_a_uncapped,capped
hover,0.5,0.0,,0.0,0.0,0.0,False
hover,0.6,0.0,,0.0,0.0,0.0,False
hover,0.7,0.0,,0.0,0.0,0.0,False
hover,0.8,0.0,,0.0,0.0,0.0,False
hover,0.9,0.0,,0.0,0.0,0.0,False
hover,1.0,0.0,,0.0,0.0,0.0,False
hover,1.1,0.0,,0.0,0.0,0.0,False
hover,1.2000000000000002,0.0,,0.0,0.0,0.0,False
hover,1.3,0.0,,0.0,0.0,0.0,False
hover,1.4,0.0,,0.0,0.0,0.0,False
hover,1.5,0.0,,0.0,0.0,0.0,False
hover,1.6,0.0,,0.0,0.0,0.0,False
hover,1.7000000000000002,0.0,,0.0,0.0,0.0,False
hover,1.8,0.0,,0.0,0.0,0.0,False
hover,1.9000000000000001,0.0,,0.0,0.0,0.0,False
hover,2.0,0.0,,0.0,0.0,0.0,False
step,0.5,0.0,,0.0,0.0,0.0,False
step,0.6,0.0,,0.0,0.0,0.0,False
step,0.7,0.0,,0.0,0.0,0.0,False
step,0.8,0.0,,0.0,0.0,0.0,False
step,0.9,0.0,,0.0,0.0,0.0,False
step,1.0,0.0,,0.0,0.0,0.0,False
step,1.1,0.0,,0.0,0.0,0.0,False
step,1.2000000000000002,0.0,,0.0,0.0,0.0,False
step,1.3,0.0,,0.0,0.0,0.0,False
step,1.4,0.0,,0.0,0.0,0.0,False
step,1.5,0.0,,0.0,0.0,0.0,False
step,1.6,0.0,,0.0,0.0,0.0,False
step,1.7000000000000002,0.0,,0.0,0.0,0.0,False
step,1.8,0.0,,0.0,0.0,0.0,False
step,1.9000000000000001,0.0,,0.0,0.0,0.0,False
step,2.0,0.0,,0.0,0.0,0.0,False
circle,0.5,3.0,2.0943951023931953,1.5,4.5,4.5,False
circle,0.6,2.5,2.5132741228718345,1.5,3.75,3.75,False
circle,0.7,2.142857142857143,2.9321531433504737,1.4999999999999998,3.214285714285714,3.214285714285714,False
circle,0.8,1.875,3.3510321638291125,1.5,2.8125,2.8125,False
circle,0.9,1.6666666666666665,3.769911184307752,1.5,2.4999999999999996,2.4999999999999996,False
circle,1.0,1.5,4.1887902047863905,1.5,2.25,2.25,False
circle,1.1,1.3636363636363635,4.60766922526503,1.5,2.0454545454545454,2.0454545454545454,False
circle,1.2000000000000002,1.2499999999999998,5.02654824574367,1.5,1.8749999999999998,1.8749999999999998,False
circle,1.3,1.1538461538461537,5.445427266222309,1.5,1.7307692307692304,1.7307692307692304,False
circle,1.4,1.0714285714285714,5.8643062867009474,1.4999999999999998,1.607142857142857,1.607142857142857,False
circle,1.5,1.0,6.283185307179586,1.5,1.5,1.5,False
circle,1.6,0.9375,6.702064327658225,1.5,1.40625,1.40625,False
circle,1.7000000000000002,0.8823529411764705,7.120943348136866,1.5,1.3235294117647056,1.3235294117647056,False
circle,1.8,0.8333333333333333,7.539822368615504,1.5,1.2499999999999998,1.2499999999999998,False
circle,1.9000000000000001,0.7894736842105262,7.958701389094143,1.5,1.1842105263157892,1.1842105263157892,False
circle,2.0,0.75,8.377580409572781,1.5,1.125,1.125,False
fig8,0.5,2.745662098098723,2.28840442949279,1.941476288412491,8.009826627363951,9.562499997755063,True
fig8,0.6,2.5,2.5132741228718345,2.121320343559643,7.96874999812922,7.96874999812922,False
fig8,0.7,2.142857142857143,2.9321531433504737,2.1213203435596424,6.830357141253616,6.830357141253616,False
fig8,0.8,1.875,3.3510321638291125,2.121320343559643,5.976562498596915,5.976562498596915,False
fig8,0.9,1.6666666666666665,3.769911184307752,2.121320343559643,5.312499998752812,5.312499998752812,False
fig8,1.0,1.5,4.1887902047863905,2.121320343559643,4.781249998877532,4.781249998877532,False
fig8,1.1,1.3636363636363635,4.60766922526503,2.121320343559643,4.346590908070484,4.346590908070484,False
fig8,1.2000000000000002,1.2499999999999998,5.02654824574367,2.121320343559643,3.9843749990646096,3.9843749990646096,False
fig8,1.3,1.1538461538461537,5.445427266222309,2.121320343559643,3.6778846145211777,3.6778846145211777,False
fig8,1.4,1.0714285714285714,5.8643062867009474,2.1213203435596424,3.415178570626808,3.415178570626808,False
fig8,1.5,1.0,6.283185307179586,2.121320343559643,3.187499999251688,3.187499999251688,False
fig8,1.6,0.9375,6.702064327658225,2.121320343559643,2.9882812492984576,2.9882812492984576,False
fig8,1.7000000000000002,0.8823529411764705,7.120943348136866,2.121320343559643,2.812499999339724,2.812499999339724,False
fig8,1.8,0.8333333333333333,7.539822368615504,2.121320343559643,2.656249999376406,2.656249999376406,False
fig8,1.9000000000000001,0.7894736842105262,7.958701389094143,2.121320343559643,2.5164473678302794,2.5164473678302794,False
fig8,2.0,0.75,8.377580409572781,2.121320343559643,2.390624999438766,2.390624999438766,False
helix,0.5,3.0,2.0943951023931953,1.5461646096066226,4.5,4.5,False
helix,0.6,2.5,2.5132741228718345,1.5461646096066226,3.75,3.75,False
helix,0.7,2.142857142857143,2.9321531433504737,1.5461646096066224,3.214285714285714,3.214285714285714,False
helix,0.8,1.875,3.3510321638291125,1.5461646096066226,2.8125,2.8125,False
helix,0.9,1.6666666666666665,3.769911184307752,1.5461646096066226,2.4999999999999996,2.4999999999999996,False
helix,1.0,1.5,4.1887902047863905,1.5461646096066226,2.25,2.25,False
helix,1.1,1.3636363636363635,4.60766922526503,1.5461646096066226,2.0454545454545454,2.0454545454545454,False
helix,1.2000000000000002,1.2499999999999998,5.02654824574367,1.5461646096066226,1.8749999999999998,1.8749999999999998,False
helix,1.3,1.1538461538461537,5.445427266222309,1.5461646096066226,1.7307692307692304,1.7307692307692304,False
helix,1.4,1.0714285714285714,5.8643062867009474,1.5461646096066224,1.607142857142857,1.607142857142857,False
helix,1.5,1.0,6.283185307179586,1.5461646096066226,1.5,1.5,False
helix,1.6,0.9375,6.702064327658225,1.5461646096066226,1.40625,1.40625,False
helix,1.7000000000000002,0.8823529411764705,7.120943348136866,1.5461646096066226,1.3235294117647056,1.3235294117647056,False
helix,1.8,0.8333333333333333,7.539822368615504,1.5461646096066226,1.2499999999999998,1.2499999999999998,False
helix,1.9000000000000001,0.7894736842105262,7.958701389094143,1.5461646096066226,1.1842105263157892,1.1842105263157892,False
helix,2.0,0.75,8.377580409572781,1.5461646096066226,1.125,1.125,False
square,0.5,1.3284169598414854,4.729829185506133,0.9405417247117062,8.009826627363953,40.85044597150681,True
square,0.6,1.2126732244626934,5.181268276095991,1.0303118377988314,8.009826627363955,34.04203830958901,True
square,0.7,1.1227172456635524,5.596409364377471,1.1128639765457138,8.009826627363953,29.178889979647717,True
square,0.8,1.050205818873881,5.982813267895379,1.1897016338048265,8.009826627363951,25.531528732191756,True
square,0.9,0.99014354155639,6.345731748452505,1.2618691392781614,8.009826627363955,22.69469220639267,True
square,1.0,0.939332640547132,6.688988581850863,1.3301268630650769,8.009826627363953,20.425222985753404,True
square,1.1,0.8956185316189677,7.015470409954299,1.3950488231714602,8.009826627363953,18.568384532503096,True
square,1.2000000000000002,0.8574894603809265,7.327419866348419,1.4570809744886557,8.009826627363951,17.0210191547945,True
square,1.3,0.8238492251887092,7.626620399795088,1.5165779615310069,8.009826627363955,15.711709989041077,True
square,1.4,0.7938809777637809,7.914518023694412,1.5738273287074027,8.009826627363953,14.589444989823859,True
square,1.5,0.766961889360546,8.192304460418741,1.6290660538391357,8.009826627363955,13.616815323835603,True
square,1.6,0.7426076561672924,8.46097566460334,1.682492185704215,8.009826627363953,12.765764366095878,True
square,1.7000000000000002,0.7204352481812021,8.72137409023504,1.734273248983701,8.009826627363953,12.014837050443177,True
square,1.8,0.7001372125825874,8.974219901843068,1.7845524507072397,8.009826627363953,11.347346103196335,True
square,1.9000000000000001,0.6814635216700687,9.220134471440714,1.8334533526953856,8.009826627363953,10.750117360922841,True
square,2.0,0.6642084799207427,9.459658371012265,1.8810834494234123,8.009826627363953,10.212611492876702,True
