trained_through,stage_index,eval_on,eval_index,rmse,dead_units,sat_outputs
nominal,0,nominal,0,0.8345186120376145,0.001220703125,0.0
mass,1,nominal,0,0.7376614331634302,0.001220703125,0.0
mass,1,mass,1,0.8207317003911894,0.001220703125,0.0
lag,2,nominal,0,0.6842959106436189,0.001220703125,0.0
lag,2,mass,1,0.7323699320905734,0.001220703125,0.0
lag,2,lag,2,0.6378295056959042,0.001220703125,0.0
all,3,nominal,0,0.6717237427545729,0.001220703125,0.0
all,3,mass,1,0.7040486755416189,0.001220703125,0.0
all,3,lag,2,0.7797349008548277,0.001220703125,0.0
all,3,all,3,0.6674910519183087,0.001220703125,0.0
