iter,reward,ep_len,value_loss,policy_loss,entropy,kl,clipfrac,grad_norm,sigma,lr,sat,crash_rate,landed,kl_rejected,wall_s
0,-0.4027378359183375,32.0,19.48278777588032,-0.04731813442285522,-1.9122450871919332,0.02446270803799034,0.234375,,0.15001803460214158,0.00015,0.05810546875,0.0,3,0.0,0.0
1,-0.11923312291253448,32.0,1.6987154916015623,-0.01223833554361594,-1.9124522676189097,0.01040803486159319,0.1640625,,0.15001027732107208,0.00015,0.03857421875,0.0,3,0.0,5.241580963134766
2,-0.060232552233754,32.0,0.4557620138299531,-0.006624625393377548,-1.9130261888849176,0.04272755029642011,0.2578125,2.25324824115431,0.14998875251888502,1e-07,0.043212890625,0.0,16,0.043523061034799124,9.012858629226685
3,-0.05258575474680534,32.0,0.43386982734308877,0.08084360695564538,-1.913029322174547,-0.0002497127950233874,0.0,2.0926981716281947,0.14998863391962353,1.2e-07,0.040771484375,0.0,96,0.0,17.211422204971313
4,-0.050532998206590365,32.0,0.34125515091196534,0.012630412627409195,-1.9130352923462426,0.0003523488350645181,0.0,3.0663044522930374,0.1499884089763086,1.44e-07,0.04541015625,0.0,96,0.0,25.45738124847412
5,-0.049085123592106976,32.0,0.24134484886982027,-0.1270769052219047,-1.9130364043113033,-0.0002528791087863893,0.0,,0.1499883696075281,1.7279999999999999e-07,0.048095703125,0.0,13,0.0,27.68623971939087
6,-0.3655080674725316,32.0,23.568788414086995,-0.05916540039853406,-1.913037012270543,0.0003400291900262668,0.0,,0.14998834681997109,2.0735999999999997e-07,0.06103515625,0.0,6,0.0,29.392691612243652
7,-0.1739629849601082,32.0,3.89103598447468,0.026767686151739786,-1.9130376247408398,-0.00035378465090842763,0.0,4.139287858788865,0.1499883251508649,2.4883199999999993e-07,0.045166015625,0.0,96,0.0,37.60756516456604
8,-0.06831717065909731,32.0,0.6920105470962696,0.018683646059970027,-1.9130468055478864,0.003439374320265742,0.00390625,3.1014204567357324,0.14998797368593805,2.985983999999999e-07,0.04248046875,0.0,96,0.0,45.77618193626404
9,-0.05962494793747521,32.0,0.9856832874734207,0.028336972292435682,-1.9130759267008421,0.00020374332386281042,0.0,1.8509890419486528,0.14998687763254348,3.5831807999999986e-07,0.0478515625,0.0,96,0.0,53.96550011634827
10,-0.056455018361524334,32.0,0.3392131806483516,-0.07586292972301648,-1.9131019837246206,-0.0008940339387486836,0.00390625,1.4950948568952165,0.149985896072211,4.299816959999998e-07,0.043212890625,0.0,96,0.0,62.24117374420166
11,-0.058417531425745586,32.0,2.0389207082313487,0.047905919559796374,-1.9131093217715045,-0.0005012960231663647,0.0,,0.14998563527094663,5.159780351999997e-07,0.040771484375,0.0,19,0.0,64.89612650871277
12,-0.27843508494697355,32.0,15.504656500253542,0.02045213250752611,-1.913110502422228,2.5625126329646003e-05,0.0,,0.14998559098925482,6.191736422399996e-07,0.0625,0.0,2,0.0,66.31505632400513
13,-0.23382758339521795,32.0,5.766788338155683,-0.02865491193176021,-1.913114010071878,0.00015740433215556335,0.0,5.236729447166614,0.14998546255130768,7.430083706879995e-07,0.04248046875,0.0,96,0.0,74.55896711349487
14,-0.07711652175895996,32.0,0.6842837244741927,-0.013739356033327585,-1.9131147773117887,-0.001178398157101929,0.0,3.1410509759818095,0.14998543317696097,8.916100448255994e-07,0.039794921875,0.0,96,0.0,82.76111721992493
15,-0.05642009826032915,32.0,0.4368803316453185,-0.06289531248764423,-1.9132069020764062,0.001717914758817319,0.00390625,2.397561134420305,0.14998192768276572,1.0699320537907193e-06,0.0400390625,0.0,96,0.0,90.96384692192078
16,-0.05290156114036511,32.0,0.3699644103327012,-0.026822219178909784,-1.9133291079072616,0.0011546163052807402,0.0,1.8155760772033611,0.14997736510174736,1.0699320537907193e-06,0.0439453125,0.0,96,0.0,99.16932225227356
17,-0.05027889020480843,32.0,0.5338465084134318,0.04529035797977533,-1.9134813045467252,-0.001092401925807747,0.0,1.689196204350509,0.14997164991755674,1.0699320537907193e-06,0.045166015625,0.0,96,0.0,107.4235520362854
18,-0.18156599371991666,32.0,6.617960404264437,-0.02339491428454007,-1.913483353532883,-0.00010328729897853993,0.0,,0.1499716124520768,1.2839184645488631e-06,0.073974609375,0.0,1,0.0,108.78462171554565
19,-0.348532747618169,32.0,13.58112483764691,-0.02744998626393569,-1.9134547360935437,-0.0012695203694039173,0.00390625,6.9733900999929475,0.14997270540515606,1.5407021574586357e-06,0.046630859375,0.0,96,0.0,116.99741578102112
20,-0.10581543374379465,32.0,2.110690399465131,0.16137950447660224,-1.9133894421048285,0.005258933718638165,0.015625,4.051888392144922,0.14997517344366307,1.5407021574586357e-06,0.048828125,0.0,96,0.0,125.22269058227539
21,-0.07016703672136995,32.0,1.6547078913557904,0.08520696526199108,-1.9134062828347995,0.0015025356446646118,0.0,,0.1499745034312401,1.5407021574586357e-06,0.046630859375,0.0,30,0.0,128.6618630886078
22,-0.06607910779767512,32.0,1.4929976320424834,0.053010706648273384,-1.9135819113629768,0.011613131645871038,0.015625,2.108909616757701,0.14996786429690728,1.5407021574586357e-06,0.0458984375,0.0,96,0.0,136.93183541297913
23,-0.06904246275156281,32.0,3.7091374675279503,0.1634719909579273,-1.9136117377145456,0.0024933371869285256,0.00390625,,0.1499668043816829,1.5407021574586357e-06,0.052001953125,0.0,28,0.0,140.228533744812
24,-0.06750628575327014,32.0,2.056928413846329,0.04391503811461194,-1.9136117377145456,3.426078865054194e-17,0.0,,0.1499668043816829,1.5407021574586357e-06,0.051513671875,0.0,0,0.0,141.49357342720032
25,-0.4001495298412183,32.0,19.67513228938013,-0.007268895052980288,-1.913612401980237,0.0013753897347096437,0.00390625,,0.1499667795717336,1.8488425889503628e-06,0.061279296875,0.0,3,0.0,142.99310183525085
26,-0.12072922769403996,32.0,1.9056861197211015,0.0040381292499443895,-1.913559847628129,0.0032655202031006067,0.0078125,3.0513252803868687,0.14996873919882503,1.8488425889503628e-06,0.0439453125,0.0,96,0.0,151.18296718597412
27,-0.06301692720031664,32.0,0.5303528691327021,0.0024417848452546985,-1.9136640064470334,-0.0014927201769095776,0.00390625,2.625554718002756,0.14996479955203523,1.8488425889503628e-06,0.0400390625,0.0,96,0.0,159.3777334690094
28,-0.055363268806337414,32.0,0.66818931626104,0.12480667615959494,-1.9137618382275248,0.0033600393557747642,0.01171875,3.0088438913653603,0.14996113472006328,1.8488425889503628e-06,0.04296875,0.0,96,0.0,167.57708501815796
29,-0.0566780452423694,32.0,0.660179422305859,-0.03527474642671113,-1.9139049496772795,0.0017930848218485184,0.0,1.3277352191148064,0.14995575389732113,1.8488425889503628e-06,0.041259765625,0.0,96,0.0,175.8145031929016
30,-0.054611230621776675,32.0,0.5100142950580449,-0.08512314899717503,-1.913868114889667,0.012743402304803236,0.015625,5.797730138127125,0.1499572446744562,1.8488425889503628e-06,0.048095703125,0.0,96,0.0,184.01763033866882
31,-0.35503599763325033,32.0,22.464226312156313,0.0015393294452168485,-1.9138648931974442,-0.0007383826032726841,0.0,,0.14995731968642606,2.218611106740435e-06,0.063232421875,0.0,2,0.0,185.43915104866028
32,-0.16739937798501714,32.0,2.683039695314607,-0.057829922472584255,-1.9138968386601625,0.0009815762935626617,0.0,3.957575095792487,0.14995610703378656,2.218611106740435e-06,0.044921875,0.0,96,0.0,193.69752049446106
33,-0.06305737266923025,32.0,0.46479189643417157,-0.024262098470314908,-1.9140139501129592,0.007599115794136285,0.015625,3.3816469898880657,0.14995166789540598,2.218611106740435e-06,0.044677734375,0.0,96,0.0,201.9190230369568
34,-0.05152604431248839,32.0,0.4042405856928436,0.0704933288187605,-1.9141298959735644,0.00986345611607089,0.01171875,3.7385257220862185,0.14994734723511735,2.218611106740435e-06,0.043212890625,0.0,96,0.0,210.16748785972595
35,-0.049393000167318894,32.0,0.2847251397667089,-0.020798080413920294,-1.9142306875309922,0.007365730466874465,0.00390625,1.9368843204328805,0.14994356075345555,2.218611106740435e-06,0.038330078125,0.0,96,0.0,218.37499260902405
36,-0.04602167909450383,32.0,0.2376380022828703,-0.026784382854959887,-1.9144762905194879,0.0019551438802866998,0.015625,3.315034512078793,0.14993430592111714,2.218611106740435e-06,0.042724609375,0.0,96,0.0,226.61385703086853
37,-0.27728413111181555,32.0,16.284965186836878,0.01995248985512902,-1.9144815016807604,0.0003449894216106695,0.0,,0.14993421817863464,2.6623333280885222e-06,0.070556640625,0.0,1,0.0,227.97565126419067
38,-0.2468169106879483,32.0,7.26196864488562,0.05744179258052483,-1.9144329823916222,0.008130704289035867,0.0234375,5.40354922463339,0.1499360722872021,2.6623333280885222e-06,0.0390625,0.0,96,0.0,236.23890089988708
39,-0.08368185384105632,32.0,0.9195776122920121,-0.0036448147958492993,-1.91449303110611,0.006810676415254658,0.01171875,2.366988196788076,0.14993375683287685,2.6623333280885222e-06,0.046142578125,0.0,96,0.0,244.45261549949646
40,-0.060464021270175264,32.0,0.5227258947796123,-0.04599346999465326,-1.9148031857052497,0.0030795326864741655,0.0078125,3.117064428703546,0.14992206159081556,2.6623333280885222e-06,0.05322265625,0.0,96,0.0,252.70097613334656
41,-0.06074622324781538,32.0,0.5937399923845843,-0.07181161880004011,-1.9153069808201153,0.0033308022174328494,0.01171875,1.6995441727501805,0.1499030696917808,2.6623333280885222e-06,0.049560546875,0.0,96,0.0,260.95277285575867
42,-0.06111652306420878,32.0,1.3755798059924251,-0.0014911016408166965,-1.9153825422037907,0.005035754850436138,0.00390625,1.690244258091018,0.14990044840856243,2.6623333280885222e-06,0.046630859375,0.0,96,0.0,269.12766432762146
43,-0.1949242263099585,32.0,7.200231270605775,-0.022162664596045874,-1.9153842691109135,-0.0013910099276270727,0.00390625,,0.14990039866214855,3.1947999937062266e-06,0.073974609375,0.0,4,0.0,270.67694997787476
44,-0.3573310360577859,32.0,15.881225134375464,0.012966803742138294,-1.9153929433588064,0.001306470389692757,0.01171875,6.373061020980252,0.14990007926817728,3.1947999937062266e-06,0.0419921875,0.0,96,0.0,278.94035363197327
45,-0.09748091277350507,32.0,0.9908224228657015,-0.05454372961268043,-1.9154512539941464,0.0031904469858761893,0.02734375,3.0401148674549097,0.14989784384332971,3.1947999937062266e-06,0.041748046875,0.0,96,0.0,287.16101574897766
46,-0.06148022241372962,32.0,0.8061858136729532,0.01013488787817813,-1.9157496598272943,0.00906711366029539,0.01953125,2.1893548785073924,0.1498866113957712,3.1947999937062266e-06,0.03662109375,0.0,96,0.0,295.3332266807556
47,-0.06095406060780318,32.0,2.22135834454579,0.056942364472927554,-1.9160159020473946,0.0002930515593178107,0.00390625,1.857391018757899,0.1498766561099511,3.1947999937062266e-06,0.0439453125,0.0,96,0.0,303.66387486457825
48,-0.06047526847054802,32.0,0.5095815603883371,-0.07774808505833511,-1.916051711702323,0.00016530782513957815,0.00390625,,0.1498753864672559,3.833759992447472e-06,0.043212890625,0.0,21,0.0,306.464989900589
49,-0.05604236814760837,32.0,1.3899284451962044,0.04646225050396625,-1.9162272857208862,0.008155927269749763,0.01953125,2.1480554377903887,0.14986876284055495,3.833759992447472e-06,0.0390625,0.0,96,0.0,314.70403504371643
50,-0.3873705907440357,32.0,22.008879500271625,0.08242345557052055,-1.9162341192573062,0.0012519037666172922,0.00390625,,0.14986855293159299,4.600511990936966e-06,0.063720703125,0.0,5,0.0,316.34048652648926
51,-0.12005344783834504,32.0,1.7738127442357128,0.02711774783447733,-1.9164149660514895,0.0045703902040941345,0.0234375,,0.1498617796753437,4.600511990936966e-06,0.0419921875,0.0,70,0.0,322.71943497657776
52,-0.060453579156063184,32.0,0.3869569562056609,-0.09768452866060352,-1.9169006387774423,0.0014565187118114114,0.015625,3.9790753353918538,0.149843402596454,4.600511990936966e-06,0.04443359375,0.0,96,0.0,330.97474241256714
53,-0.05445501830074988,32.0,0.43142000336642333,0.06989022809828999,-1.9172908533521438,-0.00038082997938119643,0.03125,4.078923008596429,0.14982889390218956,4.600511990936966e-06,0.042236328125,0.0,96,0.0,339.2143568992615
54,-0.05275354237531023,32.0,0.37944810413721936,0.04688781647406546,-1.917863080728777,0.010704375115692147,0.02734375,2.7773071176779327,0.14980726959852975,4.600511990936966e-06,0.04248046875,0.0,96,0.0,347.4463927745819
55,-0.05147234272840671,32.0,0.28750424478634906,-0.10214668682050476,-1.9181047431950318,0.019103620107279205,0.03125,2.4151490825106414,0.14979844422687263,4.600511990936966e-06,0.042236328125,0.0,96,0.0,355.65619111061096
56,-0.35332093060868786,32.0,21.29376173478814,-0.04064301942932827,-1.9181059161789125,-5.668208957754217e-16,0.0,,0.14979844422687263,4.600511990936966e-06,0.06591796875,0.0,0,0.0,356.92385625839233
57,-0.17178137545724753,32.0,3.4327275857141073,0.02730720377919707,-1.9181914117784415,-0.0027641172702366355,0.0078125,3.8151318945388835,0.14979520417495823,4.600511990936966e-06,0.039306640625,0.0,96,0.0,365.1365644931793
58,-0.06762529587984606,32.0,0.4682160111093888,-0.10238277937255862,-1.9187723323993127,0.0009320983652829117,0.01953125,3.5296586600833115,0.1497732950982528,4.600511990936966e-06,0.048583984375,0.0,96,0.0,373.43508887290955
59,-0.05487518218653063,32.0,0.3849793713764809,-0.04073232217169831,-1.919088219266795,-0.003923729028594225,0.01953125,2.436419493820409,0.14976155602549607,4.600511990936966e-06,0.04296875,0.0,96,0.0,381.63905811309814
60,-0.05029299065970569,32.0,0.3892414035839168,0.03626660106708688,-1.9191196838790474,0.00229752186631526,0.00390625,,0.14976049650447296,4.600511990936966e-06,0.04638671875,0.0,14,0.0,383.97435784339905
61,-0.04890490267727465,32.0,0.318611358686888,0.02102521726365089,-1.9193726825198938,0.010017256451912683,0.01171875,2.8165810169852343,0.1497509213967973,4.600511990936966e-06,0.04541015625,0.0,96,0.0,392.16497111320496
62,-0.2892402421866069,32.0,17.44551888280059,0.01906099922478019,-1.9193785070605718,0.0005885688273757276,0.0,,0.14975081794465128,5.5206143891243585e-06,0.071044921875,0.0,1,0.0,393.5048394203186
63,-0.24684193322499148,32.0,6.927532009233318,0.014255813515965462,-1.9192300216376665,-0.002738268049663872,0.05859375,5.00606991233882,0.14975644054313192,5.5206143891243585e-06,0.04296875,0.0,96,0.0,401.8289692401886
64,-0.07459062248270366,32.0,0.6618149556894638,0.0481896466900638,-1.9197774628470112,0.008040427565658474,0.02734375,3.4809098566691294,0.14973562208572364,5.5206143891243585e-06,0.04443359375,0.0,96,0.0,410.0438847541809
65,-0.05348715842647709,32.0,0.45971340494744517,0.03849079084216597,-1.9201231298690393,0.0033349245337614152,0.03515625,1.8015850998391616,0.14972283178585546,5.5206143891243585e-06,0.04443359375,0.0,96,0.0,418.2922303676605
66,-0.049137321497451626,32.0,0.3075345127753722,-0.030705118434278263,-1.920368046382213,0.007642863975277841,0.0234375,2.1143150003142486,0.14971366410957435,5.5206143891243585e-06,0.03955078125,0.0,96,0.0,426.4589750766754
67,-0.048866320040314375,32.0,0.3517140195177977,-0.02599923060884064,-1.9208068809698515,0.005308687728641659,0.03125,1.817745202264009,0.14969726331126992,5.5206143891243585e-06,0.04931640625,0.0,96,0.0,434.65287733078003
68,-0.18228279299452393,32.0,6.752980906964951,0.0013878862580661566,-1.9208279832680297,-0.0018777393433468932,0.0,,0.14969663253659868,6.62473726694923e-06,0.0634765625,0.0,6,0.0,436.3513615131378
69,-0.3626398445035201,32.0,16.175456951336603,0.020288951121020957,-1.92087912912003,0.004893480127183424,0.02734375,7.501861353091252,0.1496947283333982,6.62473726694923e-06,0.040771484375,0.0,96,0.0,444.63212060928345
70,-0.10012818867974085,32.0,1.2187218342007717,0.016547448568827797,-1.9209049526804767,0.0042740177332715856,0.04296875,2.0009511770849593,0.14969385580278394,6.62473726694923e-06,0.042236328125,0.0,96,0.0,452.84510016441345
71,-0.05932254879226574,32.0,0.5183493272143812,-0.07944272869185935,-1.9212320536223617,0.004430453777672898,0.0234375,1.429757287748388,0.1496812986030736,6.62473726694923e-06,0.0400390625,0.0,96,0.0,461.00849890708923
72,-0.05514308891588042,32.0,0.3697909104187818,-0.13537868633749567,-1.9212310408887672,-0.002190174949815234,0.00390625,1.22749901259325,0.1496815546077428,1e-07,0.048583984375,0.0,94,0.05343612371436099,469.8585114479065
73,-0.05309490439782869,32.0,0.6569362200834579,0.07056605707764034,-1.921230980999268,-0.0002428883330848194,0.0,,0.14968155499541386,1.2e-07,0.046875,0.0,9,0.0,471.77888011932373
74,-0.05224358738189744,32.0,0.43135217047066654,-0.05079129621761932,-1.9212325474056198,0.001570914607691696,0.00390625,2.8568633380856494,0.1496814948467719,1.44e-07,0.040771484375,0.0,96,0.0,480.00261521339417
75,-0.40898923999845965,32.0,18.661479975988154,-0.04932317785582886,-1.9212325742465268,9.627715291671279e-17,0.0,,0.1496814948467719,1.44e-07,0.066650390625,0.0,0,0.0,481.2688913345337
76,-0.1248227061442325,32.0,1.9337353612346404,0.10278602472754507,-1.9212408095392735,9.67449360619291e-05,0.0,4.308910739500998,0.14968118487562762,1.7279999999999999e-07,0.04150390625,0.0,96,0.0,489.52170968055725
77,-0.05923413570570325,32.0,0.5665368289482325,0.1095534131815698,-1.921251536439104,0.0003164120604355917,0.0,2.7339427019574356,0.14968078406978852,2.0735999999999997e-07,0.036865234375,0.0,96,0.0,497.73643350601196
78,-0.04981999131802005,32.0,0.339303089438323,-0.037676558936392726,-1.9212823982666694,-0.0005769272458663439,0.0,1.9796965665102513,0.14967961955624856,2.4883199999999993e-07,0.041015625,0.0,96,0.0,506.0213739871979
79,-0.04725302867095879,32.0,0.2386754540561379,-0.08622056039533565,-1.921314222604206,-0.0009312695762593113,0.0,2.3214295745383695,0.14967843137432996,2.985983999999999e-07,0.038330078125,0.0,96,0.0,514.3264169692993
80,-0.04752811253488746,32.0,0.2420690405853227,-0.07426850763993542,-1.921339828312468,-0.00019616219206209078,0.0,1.5067764153055592,0.14967747087043137,3.5831807999999986e-07,0.045654296875,0.0,96,0.0,522.5586407184601
81,-0.3627954235254507,32.0,22.948605393004453,-0.0026165736588379535,-1.9213409141474114,-0.0005077903667273938,0.0,,0.14967744164396107,4.299816959999998e-07,0.06591796875,0.0,3,0.0,524.0528738498688
82,-0.17080307888867535,32.0,3.2218963821758333,0.010940731466534043,-1.9213427150961848,-0.0001605164914366161,0.0,4.34875710120713,0.14967737503859255,5.159780351999997e-07,0.03564453125,0.0,96,0.0,532.2909982204437
83,-0.06112475188188548,32.0,0.4070084990487859,-0.02126736011460986,-1.921347110132488,-0.0014110733097105234,0.0078125,4.006908919202025,0.14967720781711394,6.191736422399996e-07,0.0400390625,0.0,96,0.0,540.5092175006866
84,-0.04805384399272239,32.0,0.22177078323421673,-0.16900434165080835,-1.921471297076124,0.0002529754453307223,0.0,3.1938968467928452,0.14967251504617035,7.430083706879995e-07,0.033935546875,0.0,96,0.0,548.7599453926086
85,-0.045262322323127546,32.0,0.2462656426746863,0.0027715934646743816,-1.9215190691987707,0.0034623133061370986,0.00390625,2.993022716491119,0.14967076028531553,7.430083706879995e-07,0.044189453125,0.0,96,0.0,556.9889245033264
86,-0.04453767456425257,32.0,0.24893559998049153,0.006835319665231144,-1.9215566926143357,-0.00034223990559922,0.00390625,3.2583832884234907,0.14966935514975263,8.916100448255994e-07,0.034912109375,0.0,96,0.0,565.1739811897278
87,-0.265832893592464,32.0,13.450132239236442,-0.11040927710727286,-1.9215590830089087,-0.0005881611055417691,0.00390625,,0.14966927912347372,8.916100448255994e-07,0.060546875,0.0,13,0.0,567.3916680812836
88,-0.23862529141903932,32.0,6.863085333433689,-0.016431964495564777,-1.9215563969485743,-0.0007055706250289119,0.0,,0.1496693797659019,1.0699320537907193e-06,0.039306640625,0.0,25,0.0,570.5092329978943
89,-0.07552083088704506,32.0,0.6646452614912705,0.01570501857492443,-1.9215645377290897,-0.0024378096352738114,0.00390625,4.6494344979100255,0.1496690843126475,1.0699320537907193e-06,0.048583984375,0.0,96,0.0,578.7875638008118
90,-0.05330533738716116,32.0,0.384833998046262,-0.0035577069933585732,-1.9216863019109798,-0.0005191075346376531,0.0,3.5065123175397424,0.1496644797040022,1.2839184645488631e-06,0.041748046875,0.0,96,0.0,586.9779357910156
91,-0.04922010992405627,32.0,0.5012114354199317,0.012255347574602195,-1.9219182397040562,0.0005803289016354288,0.0,2.2481055899818947,0.1496557574067049,1.5407021574586357e-06,0.042236328125,0.0,96,0.0,595.2229204177856
92,-0.052080859344515465,32.0,0.2567725525756893,-0.09397707338693406,-1.9219605113911906,0.004321144724395844,0.00390625,2.0772524392665934,0.14965423824799423,1.5407021574586357e-06,0.043701171875,0.0,96,0.0,603.467437505722
93,-0.1858569300541451,32.0,9.319802589015989,0.0339535743988396,-1.9219611971304553,0.0008319556607886184,0.0,,0.14965423193089844,1.8488425889503628e-06,0.063232421875,0.0,1,0.0,604.8153729438782
94,-0.352700614810493,32.0,15.21284343677212,0.04567494753242363,-1.9219283023242113,-0.00020189551245603172,0.0,7.115412898611175,0.14965548853141813,1.8488425889503628e-06,0.036865234375,0.0,96,0.0,613.1279144287109
95,-0.10279979964843505,32.0,1.4694629936838997,0.0139733568550484,-1.92198049972723,0.003784477401788035,0.00390625,2.649152283750603,0.14965346096925491,1.8488425889503628e-06,0.045166015625,0.0,96,0.0,621.3192713260651
96,-0.05716508341952503,32.0,0.4822593941043168,-0.03060144735922199,-1.9220998960932028,0.003439883505062609,0.0078125,1.7526527329593593,0.14964903610592872,1.8488425889503628e-06,0.035400390625,0.0,96,0.0,629.4901149272919
97,-0.04865811404605906,32.0,0.38215940123960646,0.06921450962397385,-1.92226709661257,-0.0017815197474399889,0.00390625,4.909193459312096,0.1496427189296483,1.8488425889503628e-06,0.034912109375,0.0,96,0.0,637.7102863788605
98,-0.04593961000878931,32.0,0.31905891996957825,-0.035925206440356204,-1.922372928596422,0.0015347003196809874,0.0078125,1.5048295399438798,0.14963876693922532,1.8488425889503628e-06,0.04052734375,0.0,96,0.0,645.9389612674713
99,-0.04641170750846956,32.0,0.217963644249415,-0.08449652576219797,-1.9224543793123023,-0.003007073370191964,0.01171875,2.2959852669901415,0.14963576162409453,1.8488425889503628e-06,0.03857421875,0.0,96,0.0,654.2221267223358
100,-0.3953790684612837,32.0,19.05854157175296,-0.029952508322342593,-1.9224607925560606,-0.0008440134283342385,0.00390625,,0.14963553792781747,1.8488425889503628e-06,0.05908203125,0.0,17,0.0,656.7228589057922
101,-0.11999223600339795,32.0,2.0882868795573266,0.1668422498119763,-1.922537977260617,0.0007215260033360551,0.0078125,4.833928567910081,0.14963263852619668,2.218611106740435e-06,0.045166015625,0.0,96,0.0,664.9486901760101
102,-0.05562787645986833,32.0,0.3293520648811129,-0.055597240538735854,-1.9227027205587253,-0.0017772892265890319,0.00390625,2.745388356852067,0.14962642028002004,2.218611106740435e-06,0.0419921875,0.0,96,0.0,673.1156389713287
103,-0.04885120030509377,32.0,0.35873352994853586,0.11824178987437751,-1.9227693403135346,0.009711080455363588,0.00390625,2.7970008785788374,0.14962397170977004,2.218611106740435e-06,0.043701171875,0.0,96,0.0,681.404317855835
104,-0.04743379704128012,32.0,0.37179156146465875,-0.00692037981894017,-1.9228692725011773,0.00021115501411777312,0.0078125,,0.149620257976856,2.218611106740435e-06,0.042236328125,0.0,88,0.0,689.1281917095184
105,-0.04679980764647862,32.0,0.30958732893292545,-0.06231509183560738,-1.9229686391677536,0.0038234261346314535,0.015625,1.5840063245241909,0.14961649672928218,2.218611106740435e-06,0.042724609375,0.0,96,0.0,697.3667664527893
106,-0.3580557670048651,32.0,22.600037674043207,-0.024378528498240216,-1.9229742542348192,-0.0014874422028693505,0.00390625,,0.14961633631522847,2.6623333280885222e-06,0.072265625,0.0,4,0.0,698.9464318752289
107,-0.1719959664744052,32.0,3.1455410071502445,-0.013854404527716326,-1.92316299305968,-0.0010138293417302326,0.0,3.8023643829210214,0.14960919860158833,2.6623333280885222e-06,0.0400390625,0.0,96,0.0,707.1938214302063
108,-0.063560236291789,32.0,0.49394375422265624,0.042554350577744114,-1.9232061349498857,-0.010942321509828422,0.01953125,2.980025555764233,0.14960765848840102,2.6623333280885222e-06,0.035400390625,0.0,96,0.0,715.4374527931213
109,-0.047226796327584676,32.0,0.2588687127235929,-0.059669043245874465,-1.923652178807042,-0.0028225092418194945,0.0,2.4165587647038604,0.14959077139133847,2.6623333280885222e-06,0.038330078125,0.0,96,0.0,723.6635088920593
110,-0.044968863847917886,32.0,0.2588999540275303,0.010735923372301785,-1.9241360620287753,-0.00458917016915744,0.0,2.48245835220527,0.14957269032390413,2.6623333280885222e-06,0.04150390625,0.0,96,0.0,731.9528803825378
111,-0.043306727641178634,32.0,0.23963681745105153,-0.006405087126022023,-1.9244692175930498,0.0028312994637379576,0.01171875,1.9138707895486198,0.14956029209698454,2.6623333280885222e-06,0.040283203125,0.0,96,0.0,740.1990959644318
112,-0.2799824197872492,32.0,17.853987405959174,0.04661048737934672,-1.9244813878033622,0.0005683748318249791,0.0,,0.149559976960353,3.1947999937062266e-06,0.06787109375,0.0,3,0.0,741.687803030014
113,-0.24960802002559596,32.0,7.05318871804867,0.03551687586074795,-1.9245202777643688,0.00627584233708999,0.00390625,,0.1495585225151999,3.1947999937062266e-06,0.034912109375,0.0,57,0.0,747.0696067810059
114,-0.07477508863878518,32.0,0.6107456380141969,0.005665475817572041,-1.924569904598087,0.006619879298570106,0.01171875,3.3475570780980726,0.1495566220035282,3.1947999937062266e-06,0.04345703125,0.0,96,0.0,755.327555179596
115,-0.048994307972393625,32.0,0.30845805456326947,0.004244139666744827,-1.9248994166442996,-0.00032776237797946337,0.015625,,0.14954434493406576,3.1947999937062266e-06,0.0439453125,0.0,71,0.0,761.7409865856171
116,-0.04453241536640172,32.0,0.3176075848058556,0.0489016441405761,-1.9252532368942479,0.0062999879414852075,0.015625,3.8890237458821693,0.14953104473754134,3.1947999937062266e-06,0.03662109375,0.0,96,0.0,769.9295308589935
117,-0.042662811970031016,32.0,0.1882445197301704,-0.06416942844351468,-1.9253781237594216,0.012257014157193944,0.015625,2.360621626273467,0.1495264226576503,3.1947999937062266e-06,0.038818359375,0.0,96,0.0,778.2294704914093
118,-0.17392003621498783,32.0,5.304148073884676,-0.13238583642263865,-1.925383030689434,-6.076589943304102e-06,0.0,,0.14952627900529503,3.833759992447472e-06,0.061767578125,0.0,2,0.0,779.6418373584747
119,-0.35040671216503966,32.0,12.656895872006759,-0.046403829377664435,-1.9254161009846462,0.00335796597190665,0.0078125,6.3786218992882855,0.14952504664081057,3.833759992447472e-06,0.042724609375,0.0,96,0.0,787.8467655181885
120,-0.09578818792703014,32.0,1.0916146204698993,0.03627943846626547,-1.925427948582108,-0.0008088371965911294,0.00390625,,0.14952460750414343,4.600511990936966e-06,0.04248046875,0.0,10,0.0,789.8605754375458
121,-0.050487879032561724,32.0,0.30267729173821,0.026701922551334904,-1.9260226619945184,-0.0009675576202879052,0.0078125,2.4704693617393674,0.1495021083418891,4.600511990936966e-06,0.041015625,0.0,96,0.0,798.1128554344177
122,-0.044154078789602584,32.0,0.22345746441826592,-0.007575560035789186,-1.9265518279439933,0.000837048913345012,0.01171875,2.953626035179835,0.14948237969039752,4.600511990936966e-06,0.0361328125,0.0,96,0.0,806.3665030002594
123,-0.04154721129405276,32.0,0.1988678625796833,-0.009327284264904673,-1.9272751521862441,0.012504726280526086,0.015625,2.3509941075803056,0.1494552388057923,4.600511990936966e-06,0.048583984375,0.0,96,0.0,814.6174311637878
124,-0.04052730179042419,32.0,0.2439984621146951,0.038865802474900665,-1.9278487188708748,0.008530189664698675,0.0234375,2.8551181627951023,0.14943397412918724,4.600511990936966e-06,0.03955078125,0.0,96,0.0,822.8549656867981
125,-0.4136261997615843,32.0,21.41427849166014,-0.00955828271869253,-1.9278676626689046,0.0029173673939854156,0.00390625,,0.14943347815111327,5.5206143891243585e-06,0.05712890625,0.0,3,0.0,824.3428432941437
126,-0.11960897185880592,32.0,1.4493652438082165,-0.00962342338228424,-1.9279565094801785,0.004799938003061352,0.03515625,2.8837470899763518,0.14943012246764453,5.5206143891243585e-06,0.040771484375,0.0,96,0.0,832.6013145446777
127,-0.052555740447571365,32.0,0.31893378449403853,0.01442677166616182,-1.9282822804178739,0.00990127315190702,0.04296875,2.897826100292511,0.14941780963073564,5.5206143891243585e-06,0.0439453125,0.0,96,0.0,840.8120591640472
128,-0.04514807805109022,32.0,0.23252920931394278,-0.03670068076727408,-1.9287596676947238,0.011887945271926142,0.0546875,1.3578557712596007,0.1494000015168619,5.5206143891243585e-06,0.041015625,0.0,96,0.0,849.1035294532776
129,-0.0418664534306855,32.0,0.20150875436044585,-0.07394531684609852,-1.9288998493633531,-0.0015799927158356626,0.0,,0.1493949941106744,6.62473726694923e-06,0.037841796875,0.0,30,0.0,852.5343465805054
130,-0.04201002869662396,32.0,0.2417436878674636,0.1109608108706176,-1.9291169062830578,0.012314677980069279,0.0546875,2.8025525953566266,0.14938682664317623,6.62473726694923e-06,0.039306640625,0.0,96,0.0,860.7477056980133
131,-0.4064150094713995,32.0,30.800943650672686,0.05835833658340131,-1.9291266905422708,0.0008248556902303089,0.0,,0.14938654013826758,7.949684720339076e-06,0.06640625,0.0,7,0.0,862.5464713573456
132,-0.1921513152645912,32.0,3.526527095131965,-0.01703953462335088,-1.9294413586578316,0.01913215550002832,0.05078125,3.714367940173962,0.14937467241876495,7.949684720339076e-06,0.04443359375,0.0,96,0.0,870.7776296138763
133,-0.06700602486301727,32.0,0.4431856067783202,-0.013712134116941783,-1.929658563550938,0.004898795076917029,0.05078125,3.5617999028615976,0.14936662493266364,7.949684720339076e-06,0.034423828125,0.0,96,0.0,878.9655590057373
134,-0.04777026115775239,32.0,0.3023467278792383,-0.005778077246575072,-1.9299133836769244,-0.0027195452690880893,0.01953125,2.1239249210414806,0.14935716513057706,1e-07,0.041259765625,0.0,95,0.04105753964267497,887.430242061615
135,-0.04380448653929149,32.0,0.2101195760572888,-0.05272294077644839,-1.9299179404301832,6.565081931860992e-05,0.0,3.566440273771137,0.14935699761128673,1.2e-07,0.03369140625,0.0,96,0.0,895.6191821098328
136,-0.04287045099585024,32.0,0.293546797383826,0.037204753804228316,-1.9299300602062093,-1.8986025308784498e-05,0.0,2.940801674497625,0.1493565439412145,1.44e-07,0.040771484375,0.0,96,0.0,903.8113560676575
137,-0.2840193029346285,32.0,17.44095270096752,0.019206202360757284,-1.9299304182502006,0.001207443898808338,0.00390625,,0.14935653309686941,1.7279999999999999e-07,0.068359375,0.0,4,0.0,905.3990161418915
138,-0.24748859397301304,32.0,5.216213850055664,-0.11958273957410007,-1.9299335206102048,3.8340326069091855e-05,0.0,4.414378113334089,0.14935641576194505,2.0735999999999997e-07,0.037353515625,0.0,96,0.0,913.698059797287
139,-0.0746955977641791,32.0,0.6363030042665153,0.07463573765773097,-1.9299337981976015,0.0001927047346469541,0.0,4.782628492254102,0.14935640806640627,2.4883199999999993e-07,0.044189453125,0.0,96,0.0,921.8868637084961
140,-0.04812263753673171,32.0,0.29190868461336394,0.05340298174097274,-1.9299477585243257,-0.0007123420302571561,0.0,2.5573837556262413,0.14935588060890723,2.985983999999999e-07,0.04052734375,0.0,96,0.0,930.1474959850311
141,-0.043343264606915316,32.0,0.22288131134838043,-0.06275379826525035,-1.9299828737922156,-0.00039831494336132903,0.0,3.116141156597461,0.14935456289384613,3.5831807999999986e-07,0.037841796875,0.0,96,0.0,938.3830990791321
142,-0.04325876028296409,32.0,0.261010989010088,0.019922741933275742,-1.9300090102790772,1.65123265660678e-05,0.0,2.9397869574379274,0.14935359276403284,4.299816959999998e-07,0.04443359375,0.0,96,0.0,946.632688999176
143,-0.1631156307892141,32.0,6.534216253123869,0.09623708159855673,-1.930010574415123,0.00017191703645123109,0.0,,0.14935354498232362,5.159780351999997e-07,0.070556640625,0.0,4,0.0,948.2356882095337
144,-0.33137715380082555,32.0,11.921917463683064,-0.02367173670639226,-1.9300135546061206,-0.00022064867720999592,0.0,,0.14935343371467558,6.191736422399996e-07,0.039794921875,0.0,22,0.0,951.1049339771271
145,-0.09536729007595354,32.0,0.9007363704031939,-0.06308769738678253,-1.9300348391422426,0.0011912010471036545,0.0,3.8162589328960914,0.149352629501703,7.430083706879995e-07,0.042236328125,0.0,96,0.0,959.3772387504578
146,-0.05494223615544962,32.0,0.377959396681778,-0.03853366312727985,-1.9300965356461075,0.0005562339636809789,0.00390625,,0.14935033741133397,8.916100448255994e-07,0.039306640625,0.0,54,0.0,964.5830781459808
147,-0.047149585424519344,32.0,0.3909488590753688,0.09501576210011396,-1.930211566800595,-0.0020213625651632353,0.00390625,2.7862770390133225,0.14934601383840262,8.916100448255994e-07,0.04345703125,0.0,96,0.0,972.7768182754517
148,-0.04396719560682512,32.0,0.2948057535287868,0.03524369041101588,-1.9303159623180504,0.0016230381054889538,0.0,3.028280801607531,0.1493421001720833,8.916100448255994e-07,0.039794921875,0.0,96,0.0,980.946888923645
149,-0.0436575747101562,32.0,0.29030984345831684,-0.07544785182188252,-1.930381144762544,0.0008818538963997072,0.0,1.8834207848186029,0.14933967999907666,1.0699320537907193e-06,0.050537109375,0.0,96,0.0,989.1625654697418
150,-0.44952462992050224,32.0,27.72946418275871,0.0708580085841548,-1.9303862686552087,0.00016939262370883413,0.0,,0.1493395282863379,1.2839184645488631e-06,0.060546875,0.0,4,0.0,990.7218198776245
151,-0.13274016548785222,32.0,2.477900105092384,0.03848687268458793,-1.9303992021503147,0.0024575001024719125,0.0078125,3.2014091944496235,0.1493390457084456,1.2839184645488631e-06,0.03955078125,0.0,96,0.0,998.9407680034637
152,-0.06003212276773677,32.0,0.5114192521937508,-0.036766829197281796,-1.9304018694267655,-0.0004022217866017758,0.0,1.2317165659553198,0.1493389559774016,1.2839184645488631e-06,0.03955078125,0.0,96,0.0,1007.19993019104
153,-0.05135730369059746,32.0,2.845068625780334,0.06156472632760903,-1.93040503182248,0.022097809477823412,0.00390625,,0.14933883709075013,1.5407021574586357e-06,0.0439453125,0.0,4,0.0,1008.7724905014038
154,-0.05066979589960173,32.0,2.039220547820961,-0.017903966746213112,-1.9303886400802948,0.00024065096275144434,0.0,1.4880430412499406,0.14933942493846356,1.5407021574586357e-06,0.034423828125,0.0,96,0.0,1017.0430870056152
155,-0.05034873195575607,32.0,0.44596693656400466,-0.02850921028915876,-1.9305152646231472,-6.631373305262308e-05,0.0,0.9688773608564765,0.149334702075479,1.5407021574586357e-06,0.04150390625,0.0,96,0.0,1025.2457268238068
156,-0.37677786121348406,32.0,24.202770202260343,-0.061326060987527006,-1.9305164409200728,0.004635467284245924,0.00390625,,0.1493346812793314,1.8488425889503628e-06,0.06103515625,0.0,1,0.0,1026.6018676757812
157,-0.1823329541959971,32.0,3.820328269482,0.03877151180637416,-1.9305873149936865,0.0015639372865543727,0.00390625,4.33297377034966,0.1493319958070965,1.8488425889503628e-06,0.038818359375,0.0,96,0.0,1034.935021162033
158,-0.066869165746324,32.0,0.5450184339370284,0.013338954426071376,-1.9306554495086783,0.005484167310783121,0.01171875,,0.14932948636640087,1.8488425889503628e-06,0.04296875,0.0,55,0.0,1040.203861951828
159,-0.05027121503414997,32.0,0.3755215975477394,0.05601683426064988,-1.930779123980628,0.0009880617390313358,0.0,3.233999832280067,0.14932482053030213,1.8488425889503628e-06,0.039306640625,0.0,96,0.0,1048.4038619995117
160,-0.04601074878340549,32.0,0.44882862039087373,0.0035659464224837706,-1.9307932257739504,-0.00102335561874015,0.0,,0.14932434273436515,2.218611106740435e-06,0.042724609375,0.0,6,0.0,1050.1095869541168
161,-0.04633239154227956,32.0,0.5087722853121578,0.037492642623090516,-1.9308507301719753,-0.00104939041867705,0.00390625,,0.14932219643973174,2.6623333280885222e-06,0.039794921875,0.0,29,0.0,1053.501719236374
162,-0.28597338562577207,32.0,18.35980902887085,-0.007019633756730352,-1.9308554257093744,0.00028169310932231245,0.0,,0.14932202101181463,3.1947999937062266e-06,0.062255859375,0.0,2,0.0,1054.9334192276
163,-0.25116833175257364,32.0,6.164849515374094,-0.053127363681705536,-1.9308399432621692,0.00037303631967615337,0.01171875,5.290550511781177,0.14932262280770828,3.1947999937062266e-06,0.037841796875,0.0,96,0.0,1063.1954262256622
164,-0.07343108391730194,32.0,0.6386017826145698,0.003370256954533451,-1.9308310824095296,-0.002393274865579675,0.03125,6.057910238416545,0.14932293344466718,3.1947999937062266e-06,0.040283203125,0.0,96,0.0,1071.4143447875977
165,-0.049606891769263146,32.0,0.3214920779487867,-0.014495224081627622,-1.9310051522510363,0.004029221870493656,0.01953125,1.6810772145509332,0.1493163409547867,3.1947999937062266e-06,0.044677734375,0.0,96,0.0,1079.6707828044891
166,-0.04542676800956304,32.0,0.23385595181727725,-0.044235841699372995,-1.9312129879506,0.012108547986437509,0.04296875,2.3034582340313636,0.14930860031220677,3.1947999937062266e-06,0.041015625,0.0,96,0.0,1087.9088616371155
167,-0.043256039970162335,32.0,0.25711080076450943,0.060880783446480194,-1.9314424360891764,0.011978161970356694,0.04296875,2.525986078080338,0.14930005952185543,3.1947999937062266e-06,0.043701171875,0.0,96,0.0,1096.1699788570404
168,-0.17183548280532265,32.0,7.129794502122877,0.0807026763423288,-1.931449082030289,0.00013646618167983656,0.0,,0.1492998902125916,3.1947999937062266e-06,0.06640625,0.0,2,0.0,1097.5741329193115
169,-0.34937693430301153,32.0,15.812204266845246,0.07644564105341448,-1.9314886363545252,-0.005561583858098333,0.0078125,,0.14929841452611253,3.1947999937062266e-06,0.03564453125,0.0,42,0.0,1101.917465686798
170,-0.09509990935801275,32.0,0.8505384584162875,-0.049888052516346974,-1.931626630672488,0.021275134835629605,0.01171875,4.079741437449836,0.14929322605435003,3.1947999937062266e-06,0.03955078125,0.0,96,0.0,1110.2004435062408
171,-0.050271871536220626,32.0,0.2615517670361761,-0.04545160081703992,-1.9319599450840805,0.0032649109965538423,0.015625,2.2184909924898757,0.1492806970107287,3.1947999937062266e-06,0.040283203125,0.0,96,0.0,1118.3850481510162
172,-0.044310013761106354,32.0,0.2584678600171654,0.04823191855865665,-1.9322379555685896,0.00560284822011219,0.01171875,3.1691467636287127,0.14927038354417493,3.1947999937062266e-06,0.041748046875,0.0,96,0.0,1126.7250349521637
173,-0.04240326243190552,32.0,0.21909224252773307,0.02374173580986619,-1.9325750465008271,0.0037029637760987093,0.0078125,3.8369934227905347,0.14925772826159564,3.1947999937062266e-06,0.039306640625,0.0,96,0.0,1134.9733684062958
174,-0.040981431479565136,32.0,0.2657686158781465,0.05234590425262642,-1.9328690356768694,0.0014296422131777871,0.0078125,1.857427680295839,0.1492468675521737,3.1947999937062266e-06,0.03857421875,0.0,96,0.0,1143.166536808014
175,-0.428689078480356,32.0,25.871224567636553,0.11989420749762572,-1.9328732340698966,-0.00034278733364899493,0.0,,0.14924679212814987,3.833759992447472e-06,0.060546875,0.0,1,0.0,1144.5039961338043
176,-0.13480412181281895,32.0,1.731934345654619,-0.03600236087399304,-1.9329921016267588,0.005422503680835151,0.02734375,3.199822250484437,0.14924234234178446,3.833759992447472e-06,0.04541015625,0.0,96,0.0,1152.7465469837189
177,-0.0657505978721358,32.0,1.636291793305559,0.11453797337847865,-1.9330213317322735,-0.00028278276328412653,0.0,,0.14924128896527006,4.600511990936966e-06,0.046630859375,0.0,21,0.0,1155.542376279831
178,-0.05791868946801034,32.0,3.8244756539805502,0.06432098125229549,-1.9330185932921136,-6.090814951196979e-05,0.0,,0.149241392814398,5.5206143891243585e-06,0.050537109375,0.0,10,0.0,1157.562294960022
179,-0.06283156684524895,32.0,9.311764656132478,0.034930480605734664,-1.9330629876932899,0.009439759166940323,0.0078125,,0.1492397416395841,1e-07,0.0517578125,0.0,34,0.044054332427557824,1161.6584248542786
180,-0.07652591823223563,32.0,0.29514619441997747,-0.09266357876773917,-1.93306373851602,-0.00010962648431692059,0.0,0.8177216470797778,0.14923971401182887,1.2e-07,0.04345703125,0.0,96,0.0,1169.884131193161
181,-0.3842342057916989,32.0,29.660930716037143,0.04025855125920516,-1.9330637468746799,0.0015024720498887285,0.00390625,,0.14923971346922696,1.44e-07,0.068359375,0.0,12,0.0,1172.030094385147
182,-0.17675395866826848,32.0,3.283026676134977,0.025596117954410143,-1.933058377424581,0.001577622184326069,0.00390625,5.110901593632184,0.14923991656116514,1.7279999999999999e-07,0.037353515625,0.0,96,0.0,1180.2778017520905
183,-0.06188922855173439,32.0,0.41613661352512243,0.02155863122550068,-1.933068426263124,0.0009358674238091782,0.0,4.436905748688219,0.14923953249822244,2.0735999999999997e-07,0.036376953125,0.0,96,0.0,1188.516438961029
184,-0.04449128428497805,32.0,0.2050104498792245,-0.05468763750624088,-1.9330815016848633,-0.0002033012076732327,0.0,2.687709268036576,0.1492390488872527,2.4883199999999993e-07,0.038330078125,0.0,96,0.0,1196.7565596103668
185,-0.040436275590593235,32.0,0.16204826681386514,-0.13206374313890043,-1.9331020323983,0.00063163049799449,0.0,2.798681565562745,0.14923827649721672,2.985983999999999e-07,0.04052734375,0.0,96,0.0,1205.0314865112305
186,-0.03893716505002133,32.0,0.17991071401658315,0.02407012445505643,-1.933133911021018,0.0007798237914218372,0.00390625,4.30854303769339,0.14923708764593907,3.5831807999999986e-07,0.041748046875,0.0,96,0.0,1213.2015464305878
187,-0.28893168105594946,32.0,19.66047924015733,0.07047300820928243,-1.933138975426011,0.0008677665507023321,0.0,,0.14923690677435902,4.299816959999998e-07,0.06298828125,0.0,27,0.0,1216.4417116641998
188,-0.25522676781045195,32.0,8.753501115857588,0.0787195868523132,-1.9331592195272664,-0.0026406596798433488,0.00390625,6.551390577254353,0.14923614243452854,5.159780351999997e-07,0.04052734375,0.0,96,0.0,1224.6713111400604
189,-0.07563332232345704,32.0,0.6620239978207275,0.04953949917254987,-1.9331571545467185,0.00041877242514261597,0.00390625,2.9654084980797086,0.14923623773942135,6.191736422399996e-07,0.03955078125,0.0,96,0.0,1233.0075674057007
190,-0.04837455496683145,32.0,0.24663443799020035,-0.010984210154815585,-1.9332304720665299,0.0006433859531425807,0.0,2.843659285096517,0.14923346882191002,6.191736422399996e-07,0.035400390625,0.0,96,0.0,1241.2255764007568
191,-0.04387401043171198,32.0,0.22742684438386065,0.04651704041441075,-1.9332429858715914,-0.0007418833548160802,0.0,1.8403101173346423,0.14923302693572998,7.430083706879995e-07,0.04638671875,0.0,96,0.0,1249.5001385211945
192,-0.041769751362845386,32.0,0.1663914286125492,-0.11868097962922526,-1.9333028163548875,0.0022104066845528587,0.00390625,2.7812290316844623,0.14923077993458533,8.916100448255994e-07,0.0400390625,0.0,96,0.0,1257.7262017726898
193,-0.1690942011786425,32.0,6.904835538937968,0.06777775691684088,-1.9333032740299188,-6.938893903907228e-17,0.0,,0.14923077993458533,8.916100448255994e-07,0.06787109375,0.0,0,0.0,1259.0048928260803
194,-0.3334606040071172,32.0,13.843947237929225,0.027076218192909778,-1.9333033278973943,0.0023639043846262696,0.00390625,,0.1492307781283681,8.916100448255994e-07,0.044189453125,0.0,31,0.0,1262.5791013240814
195,-0.09009045626817927,32.0,0.7794643875280278,-0.0750726022538755,-1.9333154629626998,-0.00010426004949127708,0.0,3.8533285339652195,0.14923031761018501,8.916100448255994e-07,0.040771484375,0.0,96,0.0,1270.8670363426208
196,-0.05152880105388949,32.0,0.3798630170015022,-0.0033436504982766527,-1.9333795811634906,0.0024519408709794683,0.00390625,2.2180928150483585,0.14922791117654977,8.916100448255994e-07,0.0458984375,0.0,96,0.0,1279.181072473526
197,-0.04345516025588188,32.0,0.21041002423613425,-0.10313739494609198,-1.9334582464950618,0.0009663587838302195,0.0,2.1713600322576245,0.14922495641025577,1.0699320537907193e-06,0.037109375,0.0,96,0.0,1287.4734733104706
198,-0.04225836957908195,32.0,0.27417879868538597,0.07670640002829483,-1.933479104710147,-7.441829100671106e-05,0.0,,0.1492242279031611,1.2839184645488631e-06,0.04541015625,0.0,14,0.0,1289.7898256778717
199,-0.04251878376932835,32.0,0.3097562161081408,0.007475116109795257,-1.9334874941855165,-0.0005052706391849549,0.00390625,3.2110635910532,0.14922389619046073,1.2839184645488631e-06,0.037841796875,0.0,96,0.0,1298.0065310001373
