label,calls,total_s,mean_s
train:DR-all,2,412.76552662500035,206.38276331250017
train:nominal,2,410.26935755200066,205.13467877600033
evaluate,26,232.4284185159995,8.939554558307673
train:DR-all+noise,1,191.50181388800047,191.50181388800047
axis_rollout,16,145.9915812320014,9.124473827000088
curriculum:all,1,111.03744107500097,111.03744107500097
curriculum:lag,1,105.4915156269999,105.4915156269999
curriculum:mass,1,102.76042155200048,102.76042155200048
curriculum:nominal,1,99.1186468979995,99.1186468979995
