label,seconds,seed,n,axis,policy
train:nominal,1339.8917659360013,5.0,,,
train:DR-all,1000.7086348769953,5.0,,,
train:DR-all+noise,916.3084596890112,5.0,,,
evaluate,21.627611605013954,,16.0,,
evaluate,9.34581554599572,,16.0,,
evaluate,16.28894768600003,,16.0,,
evaluate,9.281153791991528,,16.0,,
evaluate,16.367127389996313,,16.0,,
evaluate,9.35921069799224,,16.0,,
evaluate,11.48952575000294,,16.0,,
evaluate,7.99050869900384,,16.0,,
axis_rollout,17.885193731999607,,64.0,m,nominal
axis_rollout,16.43819662099122,,64.0,m,DR-all
axis_rollout,16.56877887698647,,64.0,m,DR-all+noise
axis_rollout,8.233164496996324,,64.0,m,NMPC N=1
axis_rollout,9.419959239006857,,64.0,tau,nominal
axis_rollout,9.445967620005831,,64.0,tau,DR-all
axis_rollout,9.351427450004849,,64.0,tau,DR-all+noise
axis_rollout,8.229834921003203,,64.0,tau,NMPC N=1
axis_rollout,9.863433952006744,,64.0,J,nominal
axis_rollout,9.527462530008052,,64.0,J,DR-all
axis_rollout,9.396715016002418,,64.0,J,DR-all+noise
axis_rollout,8.146013746998506,,64.0,J,NMPC N=1
axis_rollout,9.460280434999731,,64.0,T,nominal
axis_rollout,9.361119886991219,,64.0,T,DR-all
axis_rollout,9.397753726996598,,64.0,T,DR-all+noise
axis_rollout,8.216775174994837,,64.0,T,NMPC N=1
evaluate,9.251098681997973,,16.0,,
evaluate,9.292782942997292,,16.0,,
train:nominal,1136.867189615994,200.0,,,
evaluate,16.513719855996897,,16.0,,
evaluate,9.500802288006525,,16.0,,
evaluate,9.410464114000206,,16.0,,
evaluate,9.301897547004046,,16.0,,
train:DR-all,1006.7482815379917,200.0,,,
evaluate,16.828855095998733,,16.0,,
evaluate,9.953410850997898,,16.0,,
curriculum:nominal,416.93059398299374,,,,
evaluate,18.24414169001102,,8.0,,
curriculum:mass,390.24395142401045,,,,
evaluate,13.048480755998753,,8.0,,
evaluate,6.103106803988339,,8.0,,
curriculum:lag,343.1317447879992,,,,
evaluate,13.382894221998868,,8.0,,
evaluate,6.206461255002068,,8.0,,
evaluate,6.218291994999163,,8.0,,
curriculum:all,310.0802697639883,,,,
evaluate,13.486406771000475,,8.0,,
evaluate,6.20754313901125,,8.0,,
evaluate,6.236749150004471,,8.0,,
evaluate,6.1709384260029765,,8.0,,
