V1_true,V1_pred,split
2.85267,2.73782,train
1.97657,1.98134,test
2.22736,2.23065,train
0.0387746,0.0301834,test
0.171416,0.138613,test
1.24314,1.27966,train
0.962136,0.972055,test
1.02915,1.13187,test
0.263286,0.327287,train
1.03758,1.11133,test
0.813139,0.885852,train
2.92021,2.92902,train
2.12816,2.16129,train
0.03309,0.0232331,train
3.186,3.1043,test
4.82037,4.79521,train
4.30797,4.71872,test
0.966839,0.929669,train
4.20534,4.17514,train
1.73302,1.71516,train
0.283825,0.332468,train
1.29231,1.1894,train
3.69934,3.69135,train
0.53284,0.529566,train
6.43245,6.44901,train
3.05928,2.99426,train
4.07615,4.13035,train
0.595679,0.545403,train
0.0743005,0.0643152,train
4.65131,4.41078,test
0.0356423,0.0401828,test
0.951463,0.948718,train
3.99305,4.02159,train
0.032857,0.0120321,train
0.433093,0.544371,test
2.16227,2.02815,train
3.71186,3.68367,train
0.886586,0.903841,train
0.128231,0.154326,train
2.33602,2.28925,train
1.50664,1.57947,train
0.369703,0.413684,train
1.19273,1.24582,train
0.610189,0.713403,train
6.98338,6.98415,train
1.88126,1.93253,train
4.86954,4.87729,train
0.938806,0.907253,train
3.27545,3.21858,train
4.11102,4.1252,train
0.0122753,0.0119559,test
0.350015,0.367035,test
1.64134,1.4956,train
5.04201,5.0437,train
3.41321,3.37937,train
0.192653,0.216627,train
1.84806,1.68822,train
0.193957,0.1954,test
1.75608,1.73618,train
1.51137,1.4956,train
0.390356,0.468865,train
1.41882,1.35983,train
1.82969,1.81695,test
0.0415645,0.0400207,train
1.21965,1.2552,train
5.94217,5.97457,train
5.61364,6.02134,test
4.73794,4.73297,train
6.84704,6.84837,train
1.7847,1.77529,train
0.796835,0.871048,train
0.595695,0.601592,train
1.41037,1.40243,train
3.69213,3.57355,test
4.15308,4.19732,train
0.0099302,0.0108133,train
1.53364,1.4541,test
0.171796,0.16991,train
0.683869,0.728928,train
0.867461,0.887186,train
2.33752,2.16518,train
0.899818,0.916657,train
5.80993,5.73855,test
0.00175104,0.00209003,train
0.792455,0.849778,train
2.92115,2.84188,train
0.890379,0.827093,train
2.01474,1.98386,train
0.00971414,0.0114284,train
0.0449478,0.0453731,train
2.08676,2.05111,train
0.0205109,0.0235502,train
1.17716,1.23818,train
1.45945,1.41605,train
0.198334,0.210708,train
6.75467,7.21328,test
0.889932,0.927149,train
3.41427,3.41967,train
0.585728,0.417611,train
5.6314,5.63687,train
2.9789,3.00863,train
0.688549,0.677117,train
0.0298663,0.0368754,test
2.34033,2.33474,train
0.0146046,0.0147453,test
4.94011,4.92894,train
6.52719,6.51349,train
0.217317,0.205641,train
1.94867,1.92937,train
1.18838,1.29088,train
0.196311,0.202858,test
1.45989,1.5006,train
1.72439,1.76566,train
7.28671,8.17592,test
1.17499,1.23549,train
0.448038,0.422274,test
5.35235,5.39666,train
2.40953,2.36953,train
0.501278,0.505001,train
0.0899734,0.0931125,train
0.631819,0.647313,train
0.168781,0.179504,train
0.379358,0.392222,train
3.66233,3.65075,train
2.23859,2.2497,train
0.489282,0.553313,test
0.0962883,0.078002,train
0.0843461,0.0845933,train
4.80043,4.78683,train
2.76113,2.75932,train
3.71162,3.68917,train
2.28863,2.26956,train
7.22407,7.77069,test
3.01641,3.02429,train
0.37016,0.385058,train
2.47036,2.48025,train
1.5944,1.56384,train
1.45754,1.47137,train
0.150667,0.131692,train
2.05273,1.99155,train
4.57626,4.58976,train
0.0218575,0.0247402,train
1.8252,1.84841,train
2.07607,2.12211,train
4.48856,4.49582,train
2.27023,2.23557,train
0.898923,1.01268,test
3.15563,3.11006,train
1.90841,1.89984,train
0.0118634,0.00884238,train
0.368325,0.413571,train
3.64845,3.63798,train
0.719514,0.756703,train
0.295216,0.350799,train
0.191981,0.253997,test
0.120404,0.0860585,train
1.3302,1.419,test
0.543769,0.491219,test
3.79403,3.74147,train
3.16549,3.18108,train
2.02625,1.95368,train
0.0941154,0.0673282,train
7.4454,7.43803,train
1.85721,1.78883,train
5.70222,5.69637,train
3.18468,3.1581,train
2.39402,2.29676,train
1.2382,1.20653,train
0.81911,0.808205,train
0.462887,0.454685,test
0.392741,0.477894,train
3.5923,3.64877,test
0.523891,0.536292,train
0.0596604,0.0670448,train
0.97537,0.953241,test
4.36848,4.40134,train
0.0840622,0.0773552,test
0.668235,0.682816,train
0.372502,0.400633,test
4.92454,4.59015,test
1.30723,1.19571,train
6.65015,6.61962,train
0.746755,0.420607,train
4.40268,4.41902,train
4.79399,4.52493,test
0.000458598,0.00061686,train
0.872099,0.972647,train
0.281599,0.227038,train
3.05528,3.04026,train
1.80151,1.87952,train
4.28399,3.99815,test
0.142883,0.112442,test
1.46721,1.44389,train
2.69039,2.60408,train
3.37793,3.37053,train
0.162733,0.189415,train
0.00629762,0.00888478,train
0.266226,0.30519,train
0.890907,0.879032,train
0.00337522,0.00522169,train
0.565963,0.651043,train
1.40393,1.40716,train
1.9253,1.98029,train
0.000317505,0.000326339,train
7.76524,8.5718,test
7.04746,7.04377,train
1.93085,1.92031,train
0.398082,0.45678,train
4.05484,4.07486,train
0.147674,0.168464,train
0.1199,0.115433,train
1.21686,1.16242,test
3.37076,3.34934,train
0.457469,0.533839,train
2.01779,2.04115,train
3.06895,3.23127,test
5.01037,4.99216,train
3.32979,3.34507,test
0.014078,0.0184326,test
6.5515,6.55322,train
4.97417,4.95266,train
0.120395,0.116117,train
2.04871,2.00767,train
2.27297,2.29009,train
1.62884,1.66059,test
2.11814,2.04512,train
0.781826,0.756148,train
0.0207981,0.0208463,train
0.351741,0.338696,test
0.249671,0.241898,train
0.0253097,0.0220264,test
4.88661,4.88304,train
2.34542,2.34193,train
2.93736,3.29207,test
3.57927,3.57056,train
0.212599,0.248427,train
1.26628,1.23097,train
0.231987,0.244985,train
8.53743e-05,8.21452e-05,train
3.44687,3.40202,train
0.38861,0.375748,test
0.983755,1.13802,test
6.77797,6.78845,train
0.150492,0.129305,test
4.48864,4.55992,train
0.221909,0.257102,train
0.0148391,0.018393,train
0.036917,0.0438746,test
1.98466,2.04839,test
0.643073,0.648787,test
3.31532,3.29986,train
1.35701,1.35295,train
5.30741,5.28571,train
1.77476,1.78503,train
0.105476,0.12049,train
0.000774717,0.000566172,train
3.44832,3.70888,test
4.01393,4.04765,test
2.59712,2.56062,train
0.021048,0.0193351,test
1.10919,1.14902,train
0.0378999,0.0541421,train
0.115333,0.100995,train
1.89534e-05,2.76314e-05,train
6.57666,6.56282,train
1.42853,1.45549,train
1.70104,1.76601,train
1.42034,1.39672,test
5.87199,5.83158,train
1.11368,1.16904,train
0.841233,0.927188,train
0.194667,0.242023,train
1.53893,1.49435,train
0.465804,0.513179,train
0.206712,0.168825,train
3.6402,3.60763,train
4.46432,4.40862,test
2.07294,2.02602,train
0.0558102,0.0826194,train
0.0009206,0.000638015,train
0.0611374,0.0661282,train
0.0906101,0.0768757,train
0.225594,0.229681,train
3.472,3.43593,train
0.683017,0.653761,train
5.58732e-05,6.97379e-05,train
1.52168,1.4872,test
0.638426,0.652309,train
0.986571,0.833777,test
0.782467,0.840878,train
0.0134248,0.014076,train
0.0107225,0.0130344,train
2.57885,2.55559,train
2.83067,2.8317,train
0.156773,0.137117,train
4.60771,4.61308,train
1.3566,1.43423,train
1.56492,1.48504,train
1.29194,1.28475,test
1.70093,1.7399,train
7.9352,7.96986,train
0.267122,0.376525,test
0.714292,0.820941,test
0.0628681,0.0509399,train
1.01085,1.07321,train
1.20261,1.22001,train
0.374429,0.383172,test
2.95299,3.20927,test
1.77472,1.84106,test
2.50952,2.19594,test
1.71168,1.66078,train
0.00399476,0.00497294,train
2.69088,2.72535,train
4.05612,4.10329,train
0.0317936,0.0313803,train
1.76029,1.91723,test
3.91693,3.90478,train
0.387922,0.433593,train
5.8219,5.84797,train
0.0485764,0.0476712,train
0.133725,0.151763,train
0.201136,0.223965,train
2.75888,2.78338,test
0.00471701,0.00479484,train
2.06662,2.01237,train
4.14372,4.20139,train
0.209442,0.252736,train
3.69872,3.71099,train
0.469573,0.483476,test
0.338683,0.323497,train
4.4122,4.41338,train
0.312627,0.42447,train
2.68004,2.6736,train
1.87004,1.79205,train
1.76902,1.73179,train
0.0793432,0.0939956,train
1.71308,1.52689,train
0.191524,0.184071,train
2.42113,2.47689,train
0.547668,0.556906,train
0.463044,0.449661,train
2.46338,2.41632,test
1.92681,1.88154,train
0.000253784,0.000297864,train
0.517249,0.469533,train
0.185364,0.226419,train
5.15391,5.13635,train
8.10153,9.07418,test
2.3349,2.31594,train
3.01796,3.00999,train
0.323806,0.384598,train
2.6331,2.41583,test
0.435368,0.465315,train
0.0093853,0.00846548,train
0.174247,0.22457,train
1.17869,1.16807,train
4.45476,4.44382,train
6.04985,6.08148,train
1.88505,1.94438,train
2.11345,2.03403,train
1.52789,1.57705,train
3.69011,3.73307,train
3.90085,3.90838,test
0.0798778,0.0820005,train
1.08933,1.11197,train
3.23222,3.13845,train
1.25905,1.24257,train
0.043432,0.0476747,train
3.75965,3.61901,test
0.0827088,0.0984074,train
1.02052,1.10257,test
4.36037,4.42518,train
0.0453985,0.0511233,train
0.539212,0.517779,train
1.4819,1.58529,train
1.31301,1.33997,train
0.00334243,0.00358577,train
4.17975,4.35542,test
0.655852,0.649588,test
0.114777,0.105988,test
2.94692,2.93856,train
0.650809,0.667679,train
3.44974,3.40318,train
3.96322,3.55423,test
1.94604,2.00286,train
0.597873,0.544191,train
6.84992,6.85086,train
0.935556,0.884358,train
0.0992888,0.0797365,train
0.509894,0.614599,train
2.43619,2.37584,test
0.0108428,0.0136823,train
0.564014,0.655233,train
2.50147,2.43339,test
0.0151133,0.0180988,train
0.175408,0.178175,train
0.247412,0.234907,train
1.32045,1.40687,train
6.36162,6.35649,train
1.34174,1.4812,test
0.140504,0.14504,train
0.0332142,0.0329161,train
6.78094,6.75254,train
2.75443,2.66112,train
0.0423422,0.0378148,train
2.99329,2.93182,train
1.38768,1.48477,train
0.236613,0.243078,train
0.79733,0.832177,test
0.567411,0.598223,train
0.0198956,0.0166782,train
0.0683393,0.0752147,train
7.76361,7.75088,train
3.81422,4.4554,test
2.04745,1.98378,test
2.044,2.05642,train
1.83382,1.87268,train
0.827456,0.723755,train
0.858394,0.955169,train
1.07113,1.05976,train
4.30091,4.39225,train
0.073672,0.0624487,train
2.86054,2.85765,train
0.43793,0.425432,train
2.78234,2.69646,train
2.79675,2.80769,train
0.246487,0.27537,train
2.76254,2.83668,train
0.0256776,0.0293416,train
4.9793,4.98282,train
3.95804,4.2685,test
1.84537,1.90691,test
1.17749,1.20243,train
0.643827,0.670781,train
1.64912,1.51964,test
0.0051508,0.00672096,train
5.81931,5.82044,train
7.29248,7.28751,train
7.13762,7.17217,train
1.34619,1.34555,train
0.173424,0.173547,train
0.742224,0.696865,test
2.29204,2.2359,test
0.658803,0.659473,train
4.91264,4.90104,train
5.45206,5.44769,train
1.12908,1.15158,train
0.620393,0.688372,train
4.60351,4.59742,train
0.0942539,0.0731047,train
2.94988,2.93515,train
0.000326437,0.000342775,train
0.139788,0.124258,train
1.73375,1.70994,train
5.77879,5.78698,train
0.0189988,0.0265371,train
0.945666,1.02563,test
0.72447,0.606397,train
1.10223,0.877275,test
0.162079,0.181514,train
1.72632,1.68706,train
3.29316,2.88115,test
0.013968,0.0166094,train
0.0963052,0.100065,train
3.83411,3.80292,train
1.40757,1.47962,test
3.14809,3.1389,test
6.58035,6.56785,train
0.189327,0.211509,train
0.0762066,0.0886584,train
0.0466534,0.0565971,train
4.73884,4.75962,train
0.367528,0.439278,train
0.565462,0.62013,train
1.65913,1.72401,train
1.92054,1.84298,train
0.160363,0.161795,train
0.857012,0.869279,train
0.18866,0.128904,train
6.62742,6.61503,train
0.00365281,0.00493563,train
0.717825,0.721424,train
0.962955,0.987427,train
2.09857,1.98175,test
0.980518,1.05783,train
0.000340731,0.000363251,train
3.40018,3.3632,train
0.354332,0.374497,test
0.0186423,0.0235621,test
1.88392,1.89546,train
0.96884,1.12036,test
1.35264,1.35312,train
3.00576,3.07235,test
0.153091,0.165321,train
1.5558,1.581,train
4.36777,4.37406,train
1.21121,1.39978,test
2.25968,2.16928,train
1.35503,1.36982,train
7.39218,7.41334,train
1.11425,1.02852,train
1.92442,2.02275,test
6.55128,6.5829,train
0.942003,0.944392,train
1.08259,1.17564,test
3.45947,3.47332,train
1.45344,1.42316,train
1.07503,1.0736,test
1.02655,1.05518,train
0.608504,0.658232,train
0.846959,0.894497,train
4.48988,4.44218,train
1.30741,1.24246,train
4.45284,4.47358,train
0.0988006,0.159367,train
1.43027,1.45579,train
0.0146223,0.0191768,train
0.0527595,0.049557,train
0.700998,0.638999,train
1.72368,1.52296,train
2.283,2.28711,train
0.116785,0.121397,train
1.70942,1.75987,train
0.38132,0.426012,train
0.0860661,0.0938753,train
5.03628,4.922,test
0.0230702,0.0163085,test
1.63514,1.6272,train
0.722413,0.755103,train
1.10134,1.20589,train
7.80045,7.80825,train
0.596831,0.598646,train
0.021146,0.0223117,train
1.18744,1.19532,train
0.758865,0.830471,train
1.98169,2.12792,test
0.0015832,0.00182723,train
0.036232,0.0425628,test
0.123576,0.134015,train
0.450363,0.435829,train
2.80472,2.59724,test
4.12225,4.1431,test
2.34852,2.298,train
4.87848,4.88364,train
0.527265,0.662552,train
3.29238,3.21763,train
0.0872506,0.0922369,test
2.60951,2.50458,test
0.260304,0.28956,train
4.40725,3.65009,test
0.839401,0.794018,train
3.57274,3.54274,train
0.00568799,0.00576855,train
0.880846,0.860056,train
0.00203459,0.00224927,test
1.4348,1.50326,train
2.00746,1.97606,train
0.00180662,0.00248143,train
1.19141,1.15084,train
1.00813,0.897567,train
4.06253,4.07781,train
2.32381,2.33031,train
0.121993,0.133815,train
1.31446,1.40244,test
2.14411,2.11273,train
2.16183,2.33405,test
3.43137,3.49979,train
1.37421,1.45719,train
3.33975,2.9895,test
2.6006,2.58353,train
0.0940576,0.0944665,train
3.24033,3.03297,test
3.59321,3.61925,train
4.00757,3.63019,test
0.534556,0.522013,test
1.9089,1.87387,train
0.560514,0.588116,train
1.43935,1.35281,train
6.77926,6.77448,train
0.510203,0.534589,train
1.283,1.26782,train
0.000675506,0.000521159,test
1.74219,1.77573,train
3.35214,3.34776,train
1.1984,1.19791,train
0.353743,0.384773,test
0.336222,0.27762,train
2.8526,2.82845,train
0.916498,0.927253,test
2.03153,1.98327,train
1.63275,1.66758,train
0.552445,0.564813,train
0.184347,0.218755,train
1.13352,1.12923,train
0.0369598,0.0256158,train
1.63252,1.55736,train
1.10662,1.10537,train
0.173453,0.157661,train
4.68332,4.68778,train
3.79443,3.82482,train
4.12032,4.12323,train
0.26282,0.254677,train
0.638613,0.655871,train
0.108519,0.128322,train
1.92995,1.88891,train
1.41397,1.3423,train
2.53749,2.50232,train
1.02784,0.825988,test
0.027983,0.0306288,train
0.762917,0.80253,train
0.353125,0.33344,train
2.1495,2.15027,train
0.595866,0.630623,train
0.199066,0.254399,test
0.107578,0.102398,train
0.524609,0.561556,train
7.62549,7.31446,test
2.44133,2.45937,test
0.00797626,0.0101577,train
0.12808,0.135521,train
0.173665,0.157368,train
5.5234,5.5304,train
1.82498,1.76995,train
0.559936,0.577666,train
0.346721,0.350689,train
1.21167,1.27194,train
0.150899,0.166518,train
1.4545,1.517,train
1.18154,1.29821,train
1.5432,1.4881,train
6.43441,6.45772,train
3.58078,3.53243,train
1.01214,1.02687,test
0.881464,0.950567,train
0.00171702,0.00222883,train
0.449753,0.517007,train
7.1672,7.17537,train
2.04484,2.02105,train
4.96587,4.95552,train
3.4182,3.43762,test
6.75242,6.7536,train
0.348858,0.381986,train
2.45933,2.42516,train
3.71144,3.70575,train
0.0912458,0.101385,train
0.0533324,0.0698724,train
1.33452,1.28187,train
3.75301,3.78195,train
7.13963,7.15245,train
2.24199,1.70693,train
1.76052,1.66802,test
0.331296,0.393557,train
3.68175,3.65797,train
4.61155,3.92737,test
2.37494,2.1883,train
0.231659,0.287716,train
1.33211,1.41197,test
0.654242,0.686509,train
3.08458,3.07557,train
0.334495,0.421832,train
0.00175814,0.00192713,train
1.16846,1.13628,train
3.80603,3.81177,test
3.08172,3.10378,train
2.65267,2.6057,train
4.96521,4.9952,train
4.64685,4.86984,test
0.0559624,0.0521254,train
0.51953,0.477215,test
1.14947,1.19794,train
0.24042,0.215252,test
0.0539975,0.0694949,train
6.25152,6.2155,train
0.0457239,0.0427692,train
0.197835,0.323173,train
0.000162079,0.000107021,test
0.463116,0.463722,train
1.17948,1.18322,train
4.35928,4.3668,train
4.02564,4.15676,train
0.52854,0.632972,test
3.36971,3.26701,test
6.34154,7.11081,test
3.95159,3.94158,train
7.92837,7.93208,train
3.75313,3.57983,test
5.65962,5.63867,train
0.0175715,0.0175182,test
0.071769,0.0529287,train
0.0400557,0.0504104,train
1.55324,1.57899,train
5.2437,5.23898,train
3.14577,3.1795,train
0.592566,0.57053,test
6.70113,6.69181,train
0.337022,0.368015,test
1.00994,0.974744,train
0.757441,0.764573,train
0.685936,0.704771,train
0.043372,0.0406567,test
3.85885,3.74714,test
0.0258322,0.0271978,train
1.23216,1.19443,train
1.24486,1.24204,train
2.73616,2.94724,test
7.22325,7.2234,train
0.0301249,0.0434114,test
0.24235,0.265796,train
0.136856,0.159704,train
0.118818,0.114845,train
0.55625,0.555201,train
0.00494958,0.00488211,train
0.000560833,0.000442477,train
3.28764,3.28116,train
6.95218,6.97534,train
0.31698,0.328345,train
1.05631,1.08653,train
0.972808,0.950706,train
4.87909,4.89694,train
3.32538,3.55346,test
0.133126,0.145421,train
0.0690131,0.0603566,train
2.34581,2.30327,train
7.4956,7.48132,train
8.1395,8.14103,train
5.68741,5.66337,train
1.20706,1.18746,train
3.85247,3.96266,train
0.00585399,0.00626593,train
0.00814125,0.0100173,train
4.49623,4.09285,test
1.8065,1.75586,train
2.32341,2.19701,test
0.140333,0.232974,train
0.456706,0.338419,train
0.0535854,0.0568691,train
2.02349,1.82721,test
0.0137732,0.019441,train
2.50129,2.53124,test
2.69607,2.62545,train
0.0247736,0.0316133,train
0.0229821,0.025156,train
0.00598358,0.00730406,train
3.33589,3.38654,test
1.74916,1.6581,train
0.194164,0.224805,train
4.75467,4.60776,test
6.85305,6.8443,train
1.00073,1.10178,train
0.0871476,0.0876122,train
0.339587,0.314686,test
1.87331,1.81449,test
0.751586,0.7832,train
3.68452,3.69203,train
0.0149679,0.0172375,train
1.87405,1.85211,train
0.627908,0.547281,train
0.257907,0.310016,test
0.358235,0.379601,train
1.44912,1.47881,test
0.8483,0.881061,train
3.78326,3.80933,train
0.175913,0.254221,train
3.34317,3.35809,train
1.3589,1.34672,train
1.09609,0.904948,train
0.336393,0.384793,train
5.13706,5.14154,train
6.91887,6.94194,train
0.419807,0.427168,train
0.19253,0.186927,train
1.7974,1.76629,train
4.43959,4.72098,test
5.3093,5.31603,train
0.0210253,0.0240809,train
0.175147,0.0955299,test
1.85874,1.8919,train
0.105874,0.0977328,train
0.191223,0.219514,train
4.88872,4.93136,train
0.214203,0.24006,test
0.764884,0.786114,test
0.112663,0.104917,train
7.43449,7.43988,train
0.0676263,0.0523069,train
1.11482,1.13873,test
3.37912,3.42748,train
1.11574,1.18179,train
1.25124,1.34096,train
0.0761486,0.0798267,train
2.58073,2.60027,train
1.37547,1.26782,train
1.55835,1.65671,train
0.0493419,0.0554319,train
1.05799,1.00826,train
0.14671,0.206459,test
3.5764,3.56067,train
0.287854,0.315519,train
1.29047,1.3295,train
0.00367896,0.00396857,train
2.7176,2.64948,test
0.00151123,0.00110557,train
3.54635,3.53677,train
5.08798,5.12552,train
0.0941412,0.12007,train
0.215333,0.283027,train
7.54172,7.53784,test
0.471837,0.525674,train
1.97445,1.91327,train
2.72105,2.7328,train
0.440353,0.483372,train
2.05935,2.03743,train
0.584351,0.624753,train
0.795811,0.873455,train
0.426541,0.482397,test
0.016859,0.0189696,train
0.0666488,0.087956,train
1.26402,1.20049,test
3.25234,2.75644,test
0.10136,0.0981504,train
4.43532,4.43857,train
1.87442,1.81082,test
0.0302331,0.0348233,train
0.78613,0.87919,test
5.76789,6.42183,test
0.0908936,0.111948,train
3.14341,2.99033,test
0.353432,0.409778,train
3.53728,3.55096,train
0.000200917,0.000195606,train
2.66145,2.64606,train
2.73965,2.74229,train
1.22742,1.12564,train
0.00290722,0.00331858,train
0.601373,0.554997,train
0.509926,0.507597,test
2.67081,2.74742,train
6.08657,6.08449,train
7.63283,7.62888,train
1.17637,1.24063,train
6.52354,6.51572,train
0.556514,0.531305,train
1.42515,1.47722,train
2.61039,2.64494,train
2.40597,2.30283,train
5.01663,5.05538,train
1.57061,1.55655,test
1.60226,1.51175,train
0.948708,1.01318,train
0.175745,0.217721,test
0.368845,0.351244,train
0.00280691,0.00227178,train
0.651639,0.703507,train
0.586516,0.642031,train
7.14372,7.15287,train
1.6699,1.64883,train
0.202971,0.313038,test
2.642,2.68489,train
2.33983,2.3006,train
2.53885,2.57535,train
1.4159,1.5822,test
0.0182439,0.0270172,train
0.340354,0.358238,test
4.92719,5.20111,test
2.37736,2.32437,train
1.27918,1.23028,train
4.04154,4.02833,train
1.73553,1.64109,test
3.86491,3.83049,train
2.73794,2.70363,train
0.00134755,0.00123179,train
1.96848,2.00727,test
0.106028,0.125467,train
0.902358,0.98343,test
1.00786,1.01337,train
2.77354,2.73016,train
0.137276,0.146421,train
0.455827,0.501371,train
2.4754,2.45776,train
0.073332,0.0939383,train
0.337536,0.385508,train
1.28488,1.35148,test
2.99254,2.98767,train
2.09513,2.13549,train
2.06829,1.96534,train
0.463333,0.426305,train
3.16765,3.09738,train
0.301814,0.358746,train
0.267118,0.159091,train
0.196787,0.207288,test
1.70619,1.72643,train
4.81942,4.8311,train
7.63841,7.63706,train
3.94084,3.95711,train
3.17795,3.20266,train
2.50204,2.40443,train
2.09771,2.09474,test
1.56716,1.61572,train
0.0351557,0.0384437,train
1.57027,1.65427,train
0.32807,0.375333,test
0.100806,0.119702,train
6.06537,6.084,train
6.91261,6.91056,train
2.13841,2.15685,train
0.146482,0.17498,train
1.21412,1.1733,train
1.2358,1.36333,train
2.7873,2.80635,train
0.000372177,0.000349336,train
0.470276,0.564597,test
2.2177,2.13289,train
0.0346507,0.0258766,train
1.7421,1.73612,train
2.5673,2.57243,train
6.19066,6.18502,train
2.87211,2.9136,train
0.621966,0.605299,train
3.80346,3.81511,train
2.87829,2.91758,train
3.95156,3.86893,train
1.02662,1.02692,train
2.03782,1.96982,train
1.71651,1.71163,train
5.75488,5.75646,train
0.0310245,0.0375453,train
2.75304,2.73008,train
1.20877,1.21278,train
2.50981,2.46316,train
5.58465,5.57414,train
1.473,1.42988,train
0.801628,0.850842,test
1.23978e-05,1.05741e-05,train
0.628906,0.613529,test
0.820279,0.868063,train
0.294074,0.348813,train
2.57157,2.51085,test
0.214933,0.259415,train
0.0829936,0.126167,train
0.00616913,0.00799261,train
1.25264,1.24128,test
1.68721,1.75573,train
2.67217,2.65037,train
0.0241946,0.0282811,test
0.59089,0.624382,train
2.86552,2.8128,train
0.862618,0.900422,test
0.0739661,0.0911822,train
2.25476,2.20336,train
0.111987,0.124665,train
2.60826,2.61582,train
0.0971885,0.0697999,test
4.64525,4.64448,train
4.25572,4.27103,train
0.324063,0.351028,test
4.98957,4.69456,test
2.65892,2.74251,train
0.128613,0.174676,train
3.90198,3.8984,train
0.0546435,0.0615153,train
2.89344,2.97704,train
1.02145,1.10426,train
2.57934,2.61217,train
0.166907,0.179684,train
0.546422,0.576669,train
2.71784,2.65437,test
2.86406,2.87461,train
0.000981327,0.00158792,train
0.208937,0.252387,train
3.04785,2.60091,test
0.19579,0.217453,train
4.29379,4.29497,train
2.76123,2.70937,train
1.30895,1.3596,test
0.924083,0.998593,train
0.103858,0.128286,test
4.6048,4.62278,train
0.00358376,0.00484546,train
0.00107253,0.00132312,train
0.00595038,0.00643779,train
0.22404,0.207276,train
1.60436,1.56142,train
0.561702,0.726431,train
2.95213,2.96807,train
3.46942,3.18193,test
4.4084,4.14001,test
5.30266,5.3621,train
0.00509542,0.00659424,test
6.38424,6.39518,train
0.116778,0.132266,train
2.03393,1.999,train
2.86536,2.7516,train
3.25372,3.20071,train
0.325274,0.282147,train
2.75037,2.75802,train
2.44895,2.44899,train
3.74443,3.75405,train
1.8787,1.90674,train
1.44816,1.47113,train
0.0884941,0.0792541,train
1.95159,1.90669,train
1.48194,1.57405,train
0.54217,0.567633,train
5.64757,5.64764,train
3.20161,3.15942,train
7.44933,7.33028,test
0.0401684,0.0504132,train
0.597652,0.614892,train
0.0499059,0.0521052,test
1.15661,1.037,train
0.0803924,0.0768796,train
6.18549,6.21834,train
1.90983,1.88937,train
1.33443,1.57066,train
0.782208,0.759597,train
0.960996,0.981517,train
0.254003,0.166412,train
1.8805,1.78666,test
3.2233,3.22578,train
2.54715,2.5574,train
0.416871,0.392432,train
1.61506,1.65908,train
0.189738,0.15484,test
0.00256229,0.00186241,train
4.42088,4.37391,train
1.39688,1.4133,train
0.405213,0.4086,train
0.618963,0.683521,train
0.738313,0.797127,train
1.2887,1.27259,train
4.82592,4.85271,train
4.79007,4.83629,train
0.00419514,0.00489714,train
0.00671276,0.00861463,train
6.36317,6.6787,test
0.208453,0.25254,test
0.302496,0.344991,train
1.17004,1.19812,train
0.340556,0.386452,train
2.31813,2.36171,train
0.77623,0.854033,train
4.51427,4.53899,train
0.177827,0.139421,train
6.5349,6.54944,train
1.38754,1.29171,train
0.314626,0.411707,test
0.151187,0.189388,test
2.25669,2.30098,train
4.72032,4.70356,train
0.402232,0.408343,train
5.72618,5.69493,train
0.420769,0.497503,train
0.0444313,0.0505887,train
1.434,1.27999,test
0.99693,1.09481,train
0.428168,0.407753,train
0.483208,0.511616,train
1.35535,1.18262,train
0.856457,0.881994,test
2.88796,2.91996,train
0.0818262,0.0513635,train
1.84969,1.80989,train
2.05238,2.05937,train
0.706843,0.774796,train
0.00644191,0.00778737,test
2.0588,2.07391,train
0.403933,0.464174,train
5.67312,6.1675,test
3.1403,3.1719,train
2.28249,2.28877,train
0.11694,0.129382,train
0.362097,0.309412,train
1.07672,1.11886,test
3.67692,3.67734,train
1.2427,1.22146,train
0.620867,0.661242,train
3.16964,3.14271,train
2.73453,2.74619,train
0.0408846,0.0518674,train
0.0361766,0.0436202,train
1.13806,1.22069,train
1.65329,1.7632,test
5.07082,5.03489,train
4.70232,4.71018,train
1.99951,1.89299,test
0.0297358,0.0349424,train
0.0668271,0.0699078,train
0.0121934,0.0143813,train
1.97904,1.91838,train
2.60647,2.72059,test
1.0314,1.0612,test
5.28189,5.70405,test
2.06437,2.04926,train
0.374905,0.375482,train
1.79799,1.75167,train
0.129181,0.11726,train
0.506856,0.552271,test
7.61153,8.01304,test
2.2198,2.28191,train
4.04705,4.10414,train
0.612667,0.677331,train
0.373463,0.452286,train
2.59532,2.3994,test
0.0322531,0.0374838,train
5.73489,5.73897,train
1.63617,1.67096,train
4.75057,4.74743,train
0.0376973,0.0284265,train
0.288549,0.258546,train
1.57795,1.48902,train
0.0151192,0.0207931,train
2.35256,2.60822,test
0.570673,0.622505,train
2.54215,2.47624,train
0.681635,0.733015,train
0.0395395,0.0453416,train
1.8653,1.74934,train
1.33646,1.46715,train
0.0235245,0.0300884,train
1.6194,1.65122,train
0.415474,0.414013,train
0.636105,0.611894,test
1.67703,1.73217,train
0.0678889,0.0695659,train
1.71047,1.63346,train
3.44025,3.38455,train
4.76093,4.79046,train
4.13845,4.17488,train
0.340088,0.35981,test
0.00151957,0.00157783,train
0.247304,0.295546,train
0.360373,0.368871,train
0.0611601,0.0657123,test
6.15619,6.16349,train
4.49627,4.5127,train
0.021235,0.0261038,train
6.66376,6.69505,train
1.14423,1.11446,train
0.242498,0.278156,test
7.49541,7.50617,train
1.57074,1.66067,train
0.135766,0.0936747,train
3.73087,3.62695,train
0.0220583,0.0233888,train
0.321727,0.281938,train
1.00901,1.0326,train
1.36445,1.42984,train
3.48543,3.44049,train
0.464485,0.51171,train
5.26202,5.31624,train
1.1373e-05,1.27597e-05,train
1.14322,1.10856,train
0.0427527,0.0481278,train
0.0135686,0.0130733,test
0.511445,0.666794,test
5.16851,5.20586,test
0.0284447,0.036678,train
1.01469,1.05295,train
0.184468,0.211183,test
0.164668,0.144968,test
0.549677,0.504479,train
0.730975,0.742325,train
3.92141,3.94662,train
0.585388,0.613435,test
0.337442,0.505026,train
0.00104768,0.0011917,train
0.206035,0.189727,train
1.31403,1.33952,test
0.103197,0.114366,train
0.561493,0.611506,train
2.17892,2.22406,train
7.90878,7.90638,train
5.22712,5.26216,train
4.18958,4.60037,test
0.100274,0.123832,train
1.82653,1.85247,train
3.3356,3.3796,train
1.24284,1.20736,train
1.2723,1.31416,test
1.68026,1.66836,train
3.51508,3.50742,train
3.68698,3.69325,train
4.23947,4.22371,train
0.0343921,0.0370211,test
6.1621,6.11265,train
2.35991,2.39774,train
0.894515,0.812875,train
7.64674,7.64851,train
2.97178,2.952,train
1.25465,1.05393,train
0.96903,1.04578,train
3.58968,3.59553,train
0.770478,0.755665,train
0.252913,0.243077,train
0.0888793,0.125141,train
2.55758,2.61017,train
2.13701,2.55571,test
0.535466,0.608236,train
1.30865,1.32014,train
0.87564,0.929649,train
0.090427,0.0883363,train
1.26459,1.30227,train
5.6728,5.15543,test
0.019276,0.0244198,train
3.35718,3.47448,test
0.105363,0.10728,train
4.08484,4.13062,train
0.384782,0.42367,train
2.09029,1.94694,test
0.479356,0.502666,train
3.07712,3.02249,train
0.501684,0.543637,train
0.307388,0.363909,test
0.0469045,0.0524051,train
0.0107256,0.010238,train
1.77077,1.73141,train
1.23319,1.33229,train
0.302914,0.223568,test
2.2869,2.28838,train
0.144362,0.147642,train
0.187937,0.20049,train
0.633818,0.744069,test
2.86351,2.88161,train
2.80992,2.79733,train
1.18494,1.14441,train
1.63252,1.64685,train
2.15564,2.18316,train
3.66619,3.66434,train
1.83845,1.84259,train
3.51592,3.49626,train
3.52052,3.52183,train
4.31631,4.30096,train
0.0119633,0.0142663,train
0.657079,0.665256,train
2.03828,2.16608,test
1.5216,1.52937,train
2.15071,2.17863,train
0.714781,0.738558,test
6.88226,6.88774,train
0.647775,0.67033,train
1.21966,1.17911,test
0.0952507,0.0877694,train
4.01077,4.04252,train
0.00333975,0.00397782,train
6.47355,6.47899,train
0.187304,0.175508,train
2.73425,2.71551,train
1.8629,1.93298,test
2.87504,2.85547,train
0.190328,0.202127,train
2.92899,2.96254,train
1.54851,1.58509,train
0.0144485,0.0135541,train
0.0674166,0.0852952,train
0.420779,0.460214,train
0.949664,1.10151,train
0.711546,0.757746,train
2.64576,2.61313,train
1.48138,1.35024,train
0.124043,0.132958,train
6.44144,6.42717,train
0.160086,0.216263,test
3.20055,3.16452,train
2.36013,2.31541,train
5.73966,5.75305,train
0.17198,0.298653,train
1.99784,1.99877,train
0.530382,0.564177,train
3.18817,3.16056,train
0.522009,0.61576,train
3.30007,3.36675,train
1.29294,1.34371,train
3.35869,3.35713,train
1.08706,1.07949,train
0.000284167,0.000192227,train
3.39915,3.37039,train
1.09202,1.04284,train
0.0300457,0.0216872,train
3.08953,2.78932,test
1.38551,1.38805,train
0.746082,0.838374,train
0.500946,0.543369,train
1.77181,1.78496,test
0.481773,0.564894,train
5.72885,5.77952,train
0.363373,0.440371,train
2.7602,2.65587,train
1.32784,1.33641,train
2.87047,2.90025,train
0.797265,0.733152,test
0.871325,0.863913,train
0.0101128,0.0140156,train
4.89918,4.8934,train
0.130606,0.137278,train
3.75312,3.52819,test
0.892428,0.847555,test
0.13961,0.143401,train
0.000305827,0.000349626,train
4.67214,4.50357,test
4.40897,4.98313,test
1.90757,1.92286,train
0.0868764,0.078134,train
0.237359,0.239733,train
0.312712,0.324149,test
1.86731,2.17519,test
0.325386,0.365178,train
6.35583,7.02982,test
0.00482993,0.00445265,test
7.02357,7.02333,train
1.57137,1.30418,train
5.33134,5.35013,train
0.136446,0.174601,test
0.227772,0.229297,train
0.293712,0.293468,train
0.172666,0.235389,train
0.700754,0.722715,train
2.30123,2.2853,train
1.31444,1.26502,train
5.92421,5.9535,train
1.06573,1.12233,train
0.839257,0.874488,train
0.822385,0.834514,train
3.08824,3.03113,train
0.571414,0.608778,train
1.97721,1.97561,test
4.63872,4.62326,train
0.0197327,0.0295274,test
0.0250767,0.029116,train
0.755052,0.833334,train
4.46858,4.46336,train
0.00107395,0.000838517,train
0.134213,0.134735,train
0.803253,0.780265,test
1.0548,0.97979,test
5.31762,5.31842,train
0.0979171,0.101511,train
0.476013,0.587267,train
1.67924,1.65904,train
4.89838,4.94446,train
0.141961,0.154953,train
0.28878,0.345025,train
4.02825,4.39418,test
4.35218,4.38158,train
4.87698,5.46162,test
2.55749,2.61834,train
4.4425,4.0656,test
3.14137,3.33439,test
4.63125,4.60269,train
0.0497489,0.0620689,train
2.95564,3.00806,train
1.55821,1.46573,train
0.00451541,0.00509786,train
1.10663,1.09836,train
1.23616,1.25563,train
4.6859,4.66286,test
0.157585,0.192562,test
3.42034,3.43973,train
6.67097,6.70374,train
7.81443,7.81256,train
0.517654,0.598947,train
1.76269,1.69321,train
1.87769,1.93493,train
0.0225003,0.0217608,train
2.10445,2.1199,train
0.390543,0.416992,train
0.437034,0.423972,train
2.91574,2.968,train
0.0100097,0.0105256,train
0.708406,0.723372,train
0.382505,0.385186,train
2.42648,2.4513,train
0.719596,0.811484,train
0.932767,0.904818,train
3.17704,3.17869,train
0.682817,0.702963,train
5.34781,5.3693,train
4.55404,4.60425,test
0.686849,0.721544,test
0.00382336,0.00430324,train
0.00893521,0.0112168,train
2.40658,2.35356,train
3.81992,3.78947,train
0.0260679,0.031477,train
1.0709,1.1864,train
0.406401,0.446701,train
3.96843,4.02796,test
2.55279,2.45782,test
0.406237,0.418716,train
0.378082,0.364746,test
1.18959,1.23633,train
2.58018,2.58555,train
0.28817,0.346312,train
0.400723,0.463665,train
0.578035,0.627471,train
2.15284,2.21442,train
0.0256748,0.0300147,train
0.929948,1.04009,train
5.72074,5.72693,train
0.659992,0.774434,train
0.866491,0.862345,train
4.51792,4.52914,train
0.979921,1.08201,train
0.0103842,0.0136077,train
0.495587,0.523116,train
2.93171,2.84697,train
0.502441,0.513713,train
0.318258,0.331603,train
1.4067,1.46864,test
2.45304,2.41818,train
0.504955,0.555292,train
4.34156,4.30867,train
0.202128,0.167309,train
0.0105201,0.0108622,train
3.12468,3.10565,train
3.66252,3.61102,train
1.02378,1.14484,train
0.51919,0.659153,test
0.585165,0.729581,test
0.0703874,0.0909777,train
4.22091,4.22947,train
2.06381,2.08753,train
4.13605,4.04154,train
1.89162,2.04439,test
0.925371,1.02963,train
2.07111,2.10854,train
0.149757,0.174306,train
2.71096,2.73594,train
1.57151,1.71573,train
0.103591,0.117057,train
0.281799,0.281223,train
0.00273986,0.00185558,train
6.27051,8.1211,test
2.7313,2.70208,train
0.727684,0.759894,train
1.46962,1.55596,test
2.09402,2.1981,test
2.50459,2.44933,train
0.0354348,0.0299865,train
1.10882,0.934878,test
0.525991,0.510166,train
0.296755,0.32803,train
0.69517,0.791565,test
6.82677,6.84936,train
3.3628,3.22176,train
3.06493,3.05723,train
0.712439,0.737787,train
0.647502,0.586035,train
4.49833,4.53066,train
2.33379,2.29928,train
4.67318,4.35233,test
0.0419311,0.0461999,train
6.18651,5.37082,test
0.15594,0.171677,train
0.423835,0.363408,test
5.10297,5.16968,train
1.3159,1.33872,train
0.109791,0.109753,test
0.830983,0.943969,train
0.754482,0.800654,train
0.697839,0.728048,train
1.23796,1.23079,train
0.0151739,0.0161812,test
7.71512,7.71795,train
0.0612248,0.0587899,train
4.92209,4.95662,train
0.803468,0.836278,test
1.28732,1.27403,train
0.0194834,0.0244724,train
0.39829,0.538883,train
0.752896,0.794546,train
1.56329,1.57654,train
1.30593,1.26141,train
2.12152,1.96538,test
5.70587,5.71822,train
3.40153,3.28039,train
0.0870063,0.092919,train
0.892346,0.838602,train
0.0222143,0.0388338,train
0.00259914,0.0024816,train
1.36935,1.446,train
0.885897,0.894098,train
0.615384,0.668267,train
3.50933,3.50869,train
2.78813,2.79005,train
4.50964,4.52835,train
0.0187954,0.0236609,train
4.88402,4.8569,train
0.887732,0.958754,train
1.08366,1.13688,train
5.0755,5.06262,train
1.20034,1.21728,train
5.91016,5.90935,train
1.62777,1.28543,train
0.0903565,0.0759092,train
6.76191,6.79047,train
1.62311,1.55693,train
6.50983,6.33717,test
1.45492,1.53103,train
0.135463,0.0752624,train
3.89671,3.79903,train
